"Establishment Name","Address",
,"UT",
,"UT",
,"PO Box 618                Farmington UT 84025",
,"UT",
,"910 w 150 n                Layton UT 84041",
"PEARSON AUTO","1586 w 1700 s                syracuse UT 84075",
,"184W 870N                Sunset UT 84015",
"BIG O TIRES","320 N Main St                Kaysville UT 84037",
,"131 n 800 w                West Bountiful UT 84087",
"FOWERS POINT S","651 W 725 N                Clearfield UT 84015",
,"219 e 2450 s                Clearfield UT 84015",
,"307s 500e                Clearfield UT 84015",
,"498 South 40 East                Farmington UT 84025",
,"200 N 600 E                Morgan UT 84050",
,"754 S 410 W                Ogden UT 84404",
"PERFORMANCE TOYOTA","1172 CONCORD ST                SALT LAKE CITY UT 84104",
,"35 N 700 W                N. Salt Lake UT 84054",
,"35 N 700 W                N. Salt Lake UT 84054",
,"1500 E 650 N                Fruit Heights UT 84037",
,"2048 W 5125 S                Roy UT 84067",
,"2085 w 4450 s                Roy UT 84067",
"YOUNG VOLKWAGEN / AUDI","814N 1925 W                layton UT 84041",
,"1020 E yale ave                Salt Lake City UT 84105",
,"4348 S 2325 W                Roy UT 84067",
,"68 south 200 west apt B                Bountiful UT 84010",
,"5761 W 5200 S                Hooper UT 84315",
"BAKER AUTOMOTIVE","335 S 750 E                layton UT 84041",
"PERFORMANCE FORD TRUCK COUNTRY","1733 S Sawtooth Blvd.                Santaquin UT 84655",
"PERFORMANCE FORD TRUCK COUNTRY","1733 s sawtooth blvd                santaquin UT 84655",
,"1132 n 1920 w                Farmington UT 84025",
,"118 e 1325 n                Layton UT 84041",
"YOUNG KIA","308 N Main St                LAYTON UT 84041",
"TOYOTA","467w 1875s                Bountiful UT 84010",
"JIFFY LUBE","200 n 600 e                morgan UT 84050",
"KINGS AUTO REPAIR","177 N 4375 W                West Point UT 84015",
"PERFORMANCE FORD TRUCK COUNTRY","13350 Point drive                Draper UT 84020",
"GILLS POINT S","1078 W 1800 N                Clinton UT 84015",
"MY SELF","2778 W 1700 N                Clinton VA 84015",
,"UT",
,"UT",
,"UT",
,"UT",
,"UT",
,"UT",
,"UT",
,"UT",
,"UT",
,"UT",
,"UT",
,"UT",
,"UT",
,"UT",
,"UT",
,"UT",
,"UT",
,"UT",
,"UT",
,"UT",
,"UT",
,"UT",
,"UT",
,"UT",
,"UT",
,"UT",
,"UT",
,"UT",
"VALVOLINE INSTANT OIL CHANGE","3559 S 2000 W                Syracuse UT 84075",
,"2193 W 4800 s                Roy UT 84067",
,"UT",
,"UT",
,"UT",
,"736 w state st A302                farmington UT 84025",
,"UT",
,"UT",
,"UT",
,"UT",
,"UT",
,"UT",
,"UT",
,"UT",
,"UT",
,"UT",
"EXTREME AUTO SERVICE","606 N 1000 W                Centerville UT 84014",
,"1497 N 2525 W                Layton UT 84041",
,"1902 E 700 S Unit C107                Clearfield UT 84015",
"GRIFFON FAST LUBE","611 s 150 e                Kaysville UT 84037",
,"2269 West Monarch Drive                Farmington UT 84025",
"LAYTON TUNEX & TIRE PRO'S","2955 N Hillfield Rd. bld. O Appt# 1132                Layton UT 84041",
,"UT",
,"UT",
,"UT",
,"UT",
,"UT",
,"UT",
,"UT",
,"UT",
,"UT",
,"UT",
,"UT",
,"1497 W Silvercreek Dr.                Layton UT 84041",
,"UT",
"HONDA PERFORMANCE","3708 Monarch Drive                Bountiful UT 84010",
,"UT",
,"UT",
,"UT",
,"UT",
,"UT",
,"UT",
,"UT",
"BOUNTIFUL EMISSIONS","416 W. 500 S.                Bountiful UT 84010",
,"UT",
,"UT",
"VALVOLINE INSTANT OIL CHANGE","230 s state street apt 525                Clearfield UT 84015",
,"UT",
,"UT",
,"UT",
,"UT",
,"698 W Nielsen Farm Ct                Taylorsville UT 84123",
,"UT",
,"960 W 2600 N                Layton UT 84041",
"JIFFY LUBE","1129 w 1700 s                syracuse UT 84075",
,"UT",
,"UT",
,"UT",
,"1320 west 1045 south                Clearfield UT 84015",
"HARRISON","1023 W 550 S                LAYTON UT 84041",
,"UT",
,"UT",
,"UT",
,"UT",
,"UT",
,"UT",
"JAY'S TIREPROS","1250 Millbridge Lane                West Bountiful UT 84087",
,"UT",
,"UT",
,"UT",
,"UT",
,"1090 South Kays Drive                Kaysville UT 84037",
"BIG O TIRES","1699 w 1700 s                syracuse UT 84075",
,"UT",
,"2323 South 800 West, 33                woods cross UT 84087",
,"UT",
,"UT",
,"UT",
,"UT",
,"UT",
,"UT",
,"UT",
,"UT",
,"UT",
,"UT",
,"UT",
,"UT",
,"UT",
,"UT",
,"UT",
,"3474s 50 w                Bountiful UT 84010",
,"UT",
,"UT",
,"UT",
,"950 S 200 W                BOUNTIFUL UT 84010",
,"UT",
,"UT",
"IMPORT AUTO CLINIC","4480 W 3600 S                West Haven UT 84401",
,"UT",
"CUTTING EDGE AUTO CARE","405 N 1000 W                Clearfield UT 84015",
,"UT",
,"UT",
,"UT",
,"UT",
,"UT",
,"UT",
,"UT",
,"UT",
,"UT",
,"UT",
,"UT",
,"UT",
,"235 east 300 north                Bountiful UT 84010",
,"UT",
,"1476 Meadowbrook Creek                Syracuse UT",
,"UT",
"JIFFY LUBE","1683 Navajo Dr.                Ogden UT 84403",
,"UT",
"JIFFY LUBE CORP.","1494 N 2475 W                Clinton UT 84015",
"TRUSPEED PERFORMANCE","555 w 600 s                Bountiful UT 84101",
,"UT",
,"UT",
,"2080 E 3100 N                Layton UT 84040",
,"UT",
,"UT",
,"UT",
"PERFORMANCE TOYOTA","8542 Huckleberry Circle                West Jordan UT 84088",
,"540 S 1350 E                Fruit heights UT 84037",
,"UT",
,"UT",
,"UT",
,"1688 Lakeview Drive                Bountiful UT 84010",
,"UT",
,"631 8th St.                Ogden UT 84404",
,"443 n Fairfield Rd APT. 40                Layton UT 84041",
,"2941 s 1150 w                Syracuse UT 84075",
,"2251 W 1825 S                Syracuse UT 84075",
"QUICK EMISSIONS LLC","1200 S 1500 E Clearfield ut 84015                Clearfirld UT 84015",
"QUICK EMISSIONS","2544 pinewood lane                Layton UT 84040",
,"1241 West 675 South                Marriott-Slaterville UT 84404",
,"832 W 4200 S                Riverdale UT 84405",
"JIFFY LUBE STORE 3229","215 W 200 N                KAYSVILLE UT 84037",
,"UT",
,"UT",
,"1775 W 4800 S                Roy UT 84067",
"QUICK EMISSIONS","505 N Main St.                Layton UT 84041",
"QUICK EMISSIONS","907 south 1213 east                Fruit Heights UT 84037",
,"2726 W 2025 N                Clinton UT 84015",
,"UT",
"VALVOLINE INSTANT OIL CHANGE","1819 W 4650 S Unit V                Roy UT 84067",
,"2901 N 400 W                Layton UT 84041",
"JIFFY LUBE 3730","300 west parrish lane                centerville UT 84014",
"VALVOLINE","2194 w 2120 n                Clinton UT 84015",
,"1068 allington drive                North salt lake UT 84054",
,"2164 North 3000 West                Clinton UT 84015",
"VALVOLINE INSTANT OIL CHANGE","1756 Doral Dr                Syracuse UT 84075",
,"274 E 600 N                Kaysville UT 84037",
,"1619 W 1375 S                Syracuse UT 84075",
,"UT",
,"UT",
,"362 S 950 W                Layton UT 84041",
"VALVOLINE","230 State Street, Apt 106                Clearfield UT 84015",
"BIG O TIRES","2722 w 2850 s                syracuse UT 84075",
"VALVOLINE","1254 N 4950 W                Plain City UT 84404",
"VALVOLINE","856 W Antelope Dr                Clearfield UT 84015",
"FOWERS POINT S","814 S Birch ST                Clearfield UT 84015",
"PERFORMANCE FORD TRUCK COUNTRY","3551 w 4050 s                West valley UT 84119",
"RICHINS","25 E 1800 S Apt A201                Clearfield UT 84015",
"GARRETTS POINT S TIRE & AUTO","2421 N 400 E                North Ogden UT 84414",
"VALVOLINE","1125 midtown crossing                Layton UT 84041",
"VALVOLINE","747 W 4100 South                Riverdale UT 84405",
,"1478 W 800 N                Clearfield UT 84015",
,"223n 4950 w                west point UT 84015",
"TIM DAHLE NISSAN BOUNTIFUL","756 N 900 W apt 202                Salt Lake City UT 84116",
,"536 W 400 S                Tooele UT 84074",
,"UT",
,"8651 S IDA LN                Sandy UT 84093",
"JENKINS TIRE CO","4242 S Twin River Way                Taylorsville UT 84123",
"YOUNG BUICK GMC","2597 N 500 W                Sunset UT 84015",
,"2445 Water Tower Way                Ogden UT 84401",
"VALVOLINE","3533w grey crown crane ln                Clinton UT 84015",
"SAFESTOP MOBILE AUTOCARE","595 E 100 S                Kaysville UT 84037",
,"260 east 500 n                Kaysville UT 84037",
,"1100 S 2000 E                Clearfield UT 84015",
"1","3716 S Highland Dr #61                Millcreek UT 84106",
,"379 N 1275 W                Clearfield UT 84015",
,"1060 Sherwood dr                Ogden UT 84404",
,"544 S Washington Blvd                Ogden UT 84404",
,"379w 1050n                LAYTON UT 84041",
,"2108 Vimont Avenue                Salt Lake City UT 84109",
"LYNN WOOD CLINTON","328 E 1700 S                Kaysville UT 84037",
,"1181 north 1640 west                layton UT 84041",
"ADDI HAYWOOD","3807 W 1450 N                West Point UT 84015",
,"7462 S 1450 E                South Weber UT 84405",
"RUSSELL’S MAIN STREET GARAGE","773 E 200 S                Salt Lake City UT 84102",
,"678 Colonial Street                Layton UT 84041",
,"1655 West 2055 South                Syracuse UT 84075",
,"UT",
,"5724s 590w                Murray UT 84123",
,"180 W 100 S                Willard UT 84340",
,"4443 W 3980 S                West Valley UT 84120",
,"732s Hollie Avenue                Farmington UT 84025",
,"2543 wood hollow way                Bountiful UT 84010",
"JIFFY LUBE","1668 s 1250 w                syracuse UT 84075",
,"699 Mare Dr.                Kaysville UT 84037",
,"435 E. Warnock Ave. APT 14                South Salt Lake UT 84093",
,"2589 W 1835 N                Clearfield UT 84015",
,"586 W 1425 N                Layton UT 84041",
,"5902 S 2775 W St                Roy UT 84067",
,"1575 w Riverwalk dr unit b106                West Haven UT 84401",
,"277 W 2600 S                Bountiful UT 84010",
,"2120 W 1275 S                Syracuse UT 84075",
"FULLSPEED AUTOMOTIVE","3434 emily lane unit 3                west haven UT 84401",
,"2580 W 4950 S                Roy UT 84067",
,"438w 4650s                Ogden UT 84405",
,"UT",
,"2567 N Hillfield Rd. #6                Layton UT 84041",
,"136 S Bonanza Rd                Farmington UT 84025",
,"1283 W 1700 S #K305                Syracuse UT 84075",
,"2186 E 3250 N                Layton UT 84040",
,"260s 1050e                Layton UT 84041",
,"261 North 1125 West                Clearfield UT 84015",
,"2986 W Lehman Ave                West Valley City Utah 84119",
"M’S AUTO","1474 Earl circle                Syracuse UT 84075",
,"346 S Main St                Centerville UT 84014",
"JACK IN THE BOX","200 400 WEST                KAYSVILLE UT 84041",
"BOWLS AND CHEERS, LLC","2052 1700 SOUTH                SYRACUSE UT 84075",
"MORTY'S CAFE","1863 700 SOUTH                SYRACUSE UT 84075",
"JERSEY MIKE'S","331 PARRISH                CENTERVILLE UT 84104",
"JERSEY MIKE'S SUBS","618 2600 SOUTH                WOODS CROSS UT 84010-8264",
"JERSEY MIKE'S","1060 PARK                FARMINGTON UT 84025",
"SAND SPRINGS ELEMENTARY CAFETERIA","242 3200 WEST                LAYTON UT 84041",
"SNOW HORSE ELEMENTARY CAFETERIA","1095 SMITH                KAYSVILLE UT 84037",
"SOUTH CLEARFIELD ELEMENTARY CAFETERIA","990 700 SOUTH                CLEARFIELD UT 84015",
"SOUTH WEBER ELEMENTARY CAFETERIA","1285 LESTER                SOUTH WEBER UT 84405",
"STEWART ELEMENTARY CAFETERIA","1155 MAIN                CENTERVILLE UT 84014",
"SUNSET ELEMENTARY CAFETERIA","2014 250 WEST                SUNSET UT 84015",
"SYRACUSE ELEMENTARY CAFETERIA","1503 2000 WEST                SYRACUSE UT 84075",
"TAYLOR ELEMENTARY CAFETERIA","293 PAGES                CENTERVILLE UT 84014",
"TOLMAN ELEMENTARY CAFETERIA","300 1200 NORTH                BOUNTIFUL UT 84010",
"VAE VIEW ELEMENTARY CAFETERIA","1750 1600 NORTH                LAYTON UT 84041",
"VALLEY VIEW ELEMENTARY CAFETERIA","1395 600 EAST                BOUNTIFUL UT 84010",
"WASATCH ELEMENTARY CAFETERIA","210 CENTER                CLEARFIELD UT 84015",
"WEST CLINTON ELEMENTARY CAFETERIA","2826 1800 NORTH                CLINTON UT 84015",
"WEST POINT ELEMENTARY CAFETERIA","3788 300 NORTH                WEST POINT UT 84015",
"WHITESIDES ELEMENTARY CAFETERIA","233 COLONIAL                LAYTON UT 84041",
"WINDRIDGE ELEMENTARY CAFETERIA","1300 700 EAST                KAYSVILLE UT 84037",
"WOODS CROSS ELEMENTARY CAFETERIA","745 1100 SOUTH                WOODS CROSS UT 84087",
"BOUNTIFUL JR. HIGH CAFETERIA","30 400 NORTH                BOUNTIFUL UT 84010",
"CENTENNIAL JR. HIGH CAFETERIA","740 SUNSET                KAYSVILLE UT 84037",
"CENTERVILLE JR. HIGH CAFETERIA","625 MAIN                CENTERVILLE UT 84014",
"CENTRAL DAVIS JR. HIGH CAFETERIA","663 CHURCH                LAYTON UT 84041",
"FAIRFIELD JR. HIGH CAFETERIA","951 FAIRFIELD                KAYSVILLE UT 84037",
"FARMINGTON JR. HIGH CAFETERIA","150 200 WEST                FARMINGTON UT 84025",
"KAYSVILLE JR. HIGH CAFETERIA","100 350 SOUTH                KAYSVILLE UT 84037",
"LEGACY JR. HIGH CAFETERIA","411 3200 WEST                LAYTON UT 84041",
"MILLCREEK JR. HIGH CAFETERIA","245 1000 SOUTH                BOUNTIFUL UT 84010",
"MUELLER PARK JR. HIGH CAFETERIA","955 1800 SOUTH                BOUNTIFUL UT 84010",
"NORTH LAYTON JR. HIGH CAFETERIA","1100 ANTELOPE                LAYTON UT 84041",
"SOUTH DAVIS JR. HIGH CAFETERIA","298 2600                Bountiful UT 84010",
"SUNSET JR. HIGH CAFETERIA","1610 250 WEST                SUNSET UT 84015",
"SYRACUSE JR. HIGH CAFETERIA","1450 2000 WEST                SYRACUSE UT 84015",
"WEST POINT JR. HIGH CAFETERIA","2775 550 NORTH                WEST POINT UT 84015",
"BOUNTIFUL HIGH CAFETERIA","695 ORCHARD                BOUNTIFUL UT 84010",
"CLEARFIELD HIGH CAFETERIA","931 1000 EAST                CLEARFIELD UT 84015",
"DAVIS HIGH CAFETERIA","325 MAIN                KAYSVILLE UT 84037",
"LAYTON HIGH CAFETERIA","440 LANCER                LAYTON UT 84041",
"NORTHRIDGE HIGH CAFETERIA","2430 Hill Field                LAYTON UT 84041",
"SYRACUSE HIGH CAFETERIA","665 2000 WEST                SYRACUSE UT 84075",
"VIEWMONT HIGH CAFETERIA","120 1000 NORTH                BOUNTIFUL UT 84010",
"WOODS CROSS HIGH CAFETERIA","600 2200 SOUTH                WOODS CROSS UT 84087",
"CANYON HEIGHTS CAFETERIA (YOUNG PARENTS))","525 DATC                KAYSVILLE UT 84037",
"FARMINGTON HIGH CAFETERIA","650 GLOVERS                FARMINGTON UT 84025",
"ADAMS ELEMENTARY CAFETERIA","2200 2500 NORTH                LAYTON UT 84040",
"ADELAIDE ELEMENTARY CAFETERIA","731 3600 SOUTH                BOUNTIFUL UT 84010",
"ANTELOPE ELEMENTARY CAFETERIA","1810 MAIN                CLEARFIELD UT 84015",
"BLUFF RIDGE ELEMENTARY CAFETERIA","2680 BLUFF RIDGE                SYRACUSE UT 84075",
"BOULTON ELEMENTARY CAFETERIA","2611 ORCHARD                BOUNTIFUL UT 84010",
"BUFFALO POINT ELEMENTARY CAFETERIA","1924 DORAL                SYRACUSE UT 84075",
"BURTON ELEMENTARY CAFETERIA","827 200 SOUTH                KAYSVILLE UT 84037",
"CENTERVILLE ELEMENTARY CAFETERIA","650 100 EAST                CENTERVILLE UT 84014",
"CLINTON ELEMENTARY CAFETERIA","1101 1800 NORTH                CLINTON UT 84015",
"COLUMBIA ELEMENTARY CAFETERIA","378 50 WEST                KAYSVILLE UT 84037",
"COOK ELEMENTARY CAFETERIA","1175 1350 SOUTH                SYRACUSE UT 84075",
"CREEKSIDE ELEMENTARY CAFETERIA","275 MUTTON HOLLOW                KAYSVILLE UT 84037",
"CRESTVIEW ELEMENTARY CAFETERIA","185 GOLDEN                LAYTON UT 84041",
"DOXEY ELEMENTARY CAFETERIA","944 250 WEST                SUNSET UT 84015",
"EAGLE BAY ELEMENTARY CAFETERIA","1933 CLARK                FARMINGTON UT 84025",
"EAST LAYTON ELEMENTARY CAFETERIA","2470 CHERRY                LAYTON UT 84040",
"ELLISON PARK ELEMENTARY CAFETERIA","800 COLD CREEK                LAYTON UT 84041",
"ENDEAVOR ELEMENTARY CAFETERIA","1870 25 WEST                KAYSVILLE UT 84037",
"FARMINGTON ELEMENTARY CAFETERIA","50 200 SOUTH                FARMINGTON UT 84025",
"FOXBORO ELEMENTARY CAFETERIA","587 FOXBORO                NORTH SALT LAKE UT 84054",
"HERITAGE ELEMENTARY CAFETERIA","1354 WEAVER                LAYTON UT 84041",
"HOLBROOK ELEMENTARY CAFETERIA","1018 250 NORTH                BOUNTIFUL UT 84010",
"HOLT ELEMENTARY CAFETERIA","448 1000 WEST                CLEARFIELD UT 84015",
"KAYSVILLE ELEMENTARY CAFETERIA","50 100 EAST                KAYSVILLE UT 84037",
"KING ELEMENTARY CAFETERIA","601 1000 NORTH                LAYTON UT 84041",
"KNOWLTON ELEMENTARY CAFETERIA","801 SHEPHERD                FARMINGTON UT 84025",
"LAKESIDE ELEMENTARY CAFETERIA","2941 800 NORTH                WEST POINT UT 84015",
"LAYTON ELEMENTARY CAFETERIA","369 GENTILE                LAYTON UT 84041",
"LINCOLN ELEMENTARY CAFETERIA","591 ANTELOPE                LAYTON UT 84041",
"MEADOWBROOK ELEMENTARY CAFETERIA","700 325 WEST                BOUNTIFUL UT 84010",
"MORGAN ELEMENTARY CAFETERIA","1065 THORNFIELD                KAYSVILLE UT 84037",
"MOUNTAIN VIEW ELEMENTARY CAFETERIA","2025 3100 NORTH                LAYTON UT 84040",
"MUIR ELEMENTARY CAFETERIA","2275 DAVIS                BOUNTIFUL UT 84010",
"OAK HILLS ELEMENTARY CAFETERIA","1235 600 SOUTH                BOUNTIFUL UT 84010",
"ODYSSEY ELEMENTARY CAFETERIA","2050 1955 WEST                WOODS CROSS UT 84087",
"ORCHARD ELEMENTARY CAFETERIA","205 CENTER                NORTH SALT LAKE UT 84054",
"PARKSIDE ELEMENTARY CAFETERIA","2262 1500 WEST                CLINTON UT 84015",
"READING ELEMENTARY CAFETERIA","360 2025 NORTH                CENTERVILLE UT 84014",
"VISTA EDUCATION CAMPUS CAFETERIA","97 200 EAST                FARMINGTON UT 84025",
"CANYON CREEK ELEMENTARY CAFETERIA","755 1100 WEST                FARMINGTON UT 84025",
"KAY'S CREEK ELEMENTARY CAFETERIA","2260 ISLAND                KAYSVILLE UT 84037",
"ISLAND VIEW ELEMENTARY CAFETERIA","385 4500 West                WEST POINT UT 84015",
"HUNGRY HOWIE'S","1917 1800 NORTH                CLINTON UT 84015",
"HUNGRY HOWIE'S","14 FORT                LAYTON UT 84041",
"LAYNE'S CHICKEN FINGERS","846 1700                Clearfield UT 84015",
"ALOHA GOLF AND COFFEE LOUNGE LLC","21 Gentile                Layton UT 84041",
"EMPANADA FACTORY","1268 500 West                Woods Cross UT 84087",
"TODDS CARE CENTER","1635 Angel                Layton UT 84041",
"HILL FIELD ELEMENTARY CAFETERIA","389 1000 EAST                CLEARFIELD UT 84015",
"BF ALEHOUSE LLC DBA BOUNTIFUL WINGERS","255 500                Bountiful UT 84010",
"SCOOPS & BEANS","3077 Highway 89                Bountiful UT 84010",
"SNELGROVE ICE CREAM","300 Parrish                Centerville UT 84014",
"TASTE OF LOUISIANA UTAH","1080 300                Clearfield UT 84015",
"BAYA BAR","2146 Main                Layton UT 84041",
"WETZEL'S PRETZELS","221 Parrish                Centerville UT 84014",
"GROUNDS FOR COFFEE","1480 Highway 89                Layton UT 84040",
"HOLY CROSS DAVIS","1600 Antelope                Layton UT 84041",
"COLD STONE CREAMERY/ROCKY MOUNTAIN CHOCOLATE FACTORY BOUNTIFUL","273 500                Bountiful UT 84010",
"HIBACHI HOUSE","1912 1800                Clinton UT 84015",
"FAST STOP 1106","14 1700                Clearfield UT 84015",
"PEACOCK PARLOUR","375 Lagoon                Farmington UT 84025",
"JACK IN THE BOX","10 FAIRFIELD                LAYTON UT 84041",
"FLY HIGH WOODS CROSS LLC","2119 1200                Woods Cross UT 84087",
"UTAH COMPANY GRILL","3111 750                Layton UT 84041",
"MI TIENDITA LLC","1095 Main                Layton UT 84041",
"MI TIENDITA LLC","1095 Main                Layton UT 84041",
"ASIAN BUFFET LAYTON LLC","877 Hill Field                Layton UT 84041",
"QUENCH IT!","1863 700                Syracuse UT 84075",
"LUCK THAI","926 1700                Clearfield UT 84015",
"MRDELICIOUS2","1137 1700                Syracuse UT 84075",
"SOUTH DAVIS RECREATION CENTER","550 200                Bountiful UT 84010",
"HANDEL'S HOMEMADE ICE CREAM","2468 Highway 89                Woods Cross UT 84087",
"THE FORT CUISINE OF INDIA","1600 Woodland Park                Layton UT 84041",
"MILK BARN CREAMERY","330 Market Place                Centerville UT 84014",
"CARMELITAS","301 State                Clearfield UT 84015",
"WHOLLY ROLLY","1525 Main                Bountiful UT 84010",
"ARCTIC CIRCLE #106","UT",
"MONUMENT HEALTHCARE STONECREEK","523 Main                Bountiful UT 84010",
"ANNIE'S CREPES AND CAKES CAFE","UT",
"RAMEN GARDEN CLEARFIELD INC","810 700                Clearfield UT 84015",
"RAMEN GARDEN SYRACUSE","2058 1700                Syracuse UT 84075",
"HOUSTON TX HOT CHICKEN","254 University                Farmington UT 84025",
"HOLY CREPE","398 Pages                Centerville UT 84014",
"CHICK-FIL-A","440 Station Pkwy                Farmington UT 84025",
"BENCHMARK LEARNING CENTER","780 2000                Syracuse UT 84075",
"STAR CAFE","1540 State                Clearfield UT 84015",
"RAMBLIN ROADS RESTAURANT","802 1425                Layton UT 84041",
"LEGACY PREPARATORY ACADEMY (K-6) CAFETERIA","2214 1250                Woods Cross UT 84087",
"WALLACE STEGNER ACADEMY","160 2525 North                Sunset UT 84015",
"JACK IN THE BOX #1326","386 500 SOUTH                BOUNTIFUL UT 84010",
"ANTOJITOS JALISENSES","1933 2000                Clinton UT 84015",
"ON THE HOOK FISH AND CHIPS - COMMISSARY","570 Taylor                North Salt Lake UT 84054",
"MAVERIK, INC. #507","UT",
"POTBELLY SANDWICH SHOP","220 Fort                Layton UT 84041",
"MAVERIK - FARMINGTON","1172 PARK                FARMINGTON UT 84802-5",
"BAYA BAR WEST POINT","279 2000                West Point UT 84015",
"FIRST WATCH","991 Hill Field                Layton UT 84041",
"WESTERN SPORTS PARK","1049 CLARK                FARMINGTON UT 84025",
"OKA RAMEN JAPANESE RESTAURANT","1492 800                Woods Cross UT 84087",
"ANTELOPE INN & SUITS","572 Main                Clearfield UT 84015",
"GREEN CHILE HOUSE","386 Redwood                North Salt Lake UT 84054",
"THE PEAKS OF CLINTON","1404 2000                Clinton UT 84015",
"MOD PIZZA","2035 Harris                Layton UT 84041",
"TWISTED SUGAR","817 1700                Syracuse UT 84075",
"CLINTON ELEMENTARY CAFETERIA","UT",
"PACOS TACOS OF FARMINGTON","35 100                Farmington UT 84025",
"JOHN VOLKEN ACADEMY","1130 Center                North Salt Lake UT 84054",
"SPROUTS","155 500 SOUTH                BOUNTIFUL UT 84010",
"MOD PIZZA","2577 Wildcat                Woods Cross UT 84010",
"PIZZA PIE CAFE","1803 1800                Clinton UT 84015",
"FIIZ","121 East Promontory                Farmington UT 84025",
"FIIZ","104 Main                Centerville UT 84014",
"DAIRY QUEEN OF LAYTON","816 Main                Layton UT 84041",
"APPLE VILLAGE ASSISTED LIVING","2600 Hobbs View                Layton UT 84040",
"APPLE TREE ASSISTED LIVING","565 300                Kaysville UT 84037",
"HORIZON JR HIGH CAFETERIA","UT",
"TACOS LOPEZ","1650 500                Woods Cross UT 84087",
"FIIZ (BOUNTIFUL)","UT",
"FIIZ (BOUNTIFUL)","45 400                Bountiful UT 84010",
"KPH LAYTON LLC","UT",
"KPH LAYTON LLC","423 1425                Layton UT 84041",
"MAVERIK, INC. #197","UT",
"KITCHEN EIGHTY EIGHT","260 200                Kaysville UT 84037",
"BEST GREEK BROILER LLC","2056 Hillfield                Layton UT 84041",
"VERO Y SU SAZON LLC","415 1425                Layton UT 84041",
"MANGO LOVERS","1201 Hill Field                Layton UT 84041",
"ASPEN ALCOVE CLINTON LLC","1748 1800                Clinton UT 84015",
"KICKIN SEAFOOD RESTAURANT (DBA: WU'S CRAB)","1120 Main                Layton UT 84041",
"THE GREAT GREEK","515 Ring                Layton UT 84041",
"PAR 5 GRILL DBA LAKESIDE GOLF COURSE","1201 1100                West Bountiful UT 84087",
"PHEASANT VIEW","1242 Pheasant View                Layton UT 84041",
"BEANS AND BREWS","1338 State                Clearfield UT 84015",
"SOUTH DAVIS RECOVERY","25 200                Bountiful UT 84010",
"BETOS MEXICAN FOOD (DON ISIDRO MEXIVAN FOOD)","504 station parkway                farmington UT 84054",
"BURGER KING 7837","803 Main                Layton UT 84041",
"SUBWAY#32711","1282 Highway 89                Farmington UT 84025",
"CHICK-FIL-A","1201 Hill Field                Layton UT 84041",
"LAGOON-PRETZEL HAUS-SNOWIE CART","375 Lagoon                Farmington UT 84025",
"SANTANA'S MARKET","245 Main                Clearfield UT 84015",
"CAFE TRANG BISTRO","234 500                West Bountiful UT 84010",
"HUG-HES AMERICAN KITCHEN (COMMISSARY)","2290 640                West Bountiful UT 84087",
"LUCKY SLICE PIZZA","135 Main                Bountiful UT 84010",
"SYRACUSE ARTS ACADEMY - SOUTH (K-6) CAFETERIA","2211 3060 South                Syracuse UT 84075",
"808 IN ANY STATE","1345 1525                Syracuse UT 84075",
"BURGER KING 10511","2025 Main                Layton UT 84041",
"WESTERN SPORTS PARK CONCESSIONS STAND","25 Sports Park                Farmington UT 84025",
"FIIZ DRINKS","54 100                Bountiful UT 84010",
"FRESH MONKEE","210 Fort                Layton UT 84041",
"KANGAROO ZOO","395 Redwood                North Salt Lake UT 84054",
"BEEHIVE BITEZ","125 East Promontory                Farmington UT 84025",
"LA SABROSITA MARKET","273 500                Bountiful UT 84010",
"BEEHIVE HOMES OF LAYTON","59 King                Layton UT 84041",
"GREEK GARDEN III","926 1700                Clearfield UT 84015",
"EAGLERIDGE TENNIS AND SWIM CLUB","711 Parkway Dr                North Salt Lake UT 84054",
"THE GARDEN GATE EVENT CENTER","197 500                Bountiful UT 84010",
"COLOMBIAN BAKER","729 king ST                layton UT 84041",
"DIAMOND DETOX LLC","770 Main                Kaysville UT 84037",
"COSTCO","3151 1700                Syracuse UT 84075",
"KAYSVILLE CREAMERY","1 Main Street                Kaysville UT 84037",
"DISCOVERY COVE","1040 950                Centerville UT 84014",
"THIRST","273 500                Bountiful UT 84010",
"BEANS & BREWS COFFEE HOUSE","1731 2000                Clinton UT 84015",
"ROYAL JADE CHINESE GOURMET","70 Fairfield                layton UT 84041",
"THIRST","1252 Highway 89                Farmington UT 84025",
"KING’S MARKET CLEARFIELD/KRISPY KRUNCHY CHICKEN","101 Main Street                Clearfield UT 84403",
"DAKINE GRINDZ LLC","1868 HILL FIELD                LAYTON UT 84041",
"THE SIGNATURE COFFEE BAR","210 Center                North Salt Lake UT 84054",
"FIVE GUYS BURGERS AND FRIES","1731 2000                Clinton UT 84015",
"DSD ELEMENTARY SCHOOL TWO CAFETERIA","UT",
"PIZZA PIE CAFE LAYTON UTAH","1938 Woodland Park                Layton UT 84041",
"CHRIS' CAFE","56 1700                Clearfield UT 84015",
"IDELLA'S SOUTHERN BBQ","612 main                kaysville UT 84037",
"PALA KAI SHAVED ICE","230 200 N                Kaysville UT 84037",
"SHEARERLY SIMPLE SHAVE ICE","2695 1700 S                Syracuse UT 84075",
"UNDER THE BOARDWALK SHAVED ICE","876 2700 S                Syracuse UT 84075",
"SNO DELICIOUS","725 Redwood                North Salt Lake UT 84054",
"TIKI BAR","1080 300 N                Clearfield UT 84015",
"FRY ME TO THE MOON #1","null null",
"PAD THAI FOOD TRUCK","null null",
"TAQUERIA AZTECA DE ORO","null null",
"MOUNTAIN BREW COFFEE","null null",
"JZ MEXICAN GRILL","null null",
"THE CRAZY TACO CATERING #1","null null",
"THE CRAZY TACO CATERING #2","null null",
"DAKINE GRINDZ, LLC","null null",
"EL TACAZO, LLC","null null",
"SPICE CUISINE","null null",
"EL NENE SAMMY","null null",
"WHERE'S ALDO #1","null null",
"WHERE'S ALDO #2","null null",
"SALSA'S CATERING, LLC","null null",
"GNARLY'S ISLAND","null null",
"COMMON GROUND EATERY","null null",
"TACOS EL TRIUNFO","null null",
"TACOS MI MEXICO","null null",
"KEEPIN IT FRESH","null null",
"SALSA'S CAFE, LLC","null null",
"CHURROMAZING","null null",
"THE LOST ALASKAN","null null",
"THE TRAVELIN GYRO","null null",
"WELLER'S DONER WAGON","null null",
"DONUT KABOBS","null null",
"MI RANCHITO TAQUERIA","null null",
"TACO BUENO","null null",
"CHICAS","null null",
"LOS HERMANOS TAQUERIA","null null",
"NA-CHO AVERAGE NACHOS","null null",
"WORLD'S BEST CORNDOGS #2","null null",
"WORLD'S BEST CORNDOGS #3","null null",
"FRY ME TO THE MOON #2","null null",
"WORLD'S BEST CORNDOGS #4","null null",
"THE ZONE BUS, LLC","null null",
"DEVIL'S PIT BBQ","null null",
"MARQUESAS CORNDOGS","null null",
"ROCKY MOUNTAIN BURGER BUS","null null",
"PIZZA CONE ZONE","null null",
"THE DAWG RUN","null null",
"EL CENOTE","null null",
"BAD BOY BURGER CO.","null null",
"SPEEDY LLAMA","null null",
"KONA ICE OF BOUNTIFUL","null null",
"SLOW DRAWL BBQ","null null",
"DONUT KABOBS #2","null null",
"KARIE ANNE'S LAYTON","null null",
"WORLD'S BEST CORNDOGS #5","null null",
"ALOHA DRINKS & DESSERTS (LEILANI'S LOVE SHACK)","null null",
"KIKI'S PLATE LUNCH","null null",
"DANGER MONKEY FROZEN TREATS","null null",
"EL KIOSCO","null null",
"WELLER'S CATERING","null null",
"TWISTED SUGAR - WEST POINT","null null",
"KALIA GRILL LLC",,
"SOCH LLC",,
"AGAPE SMOOTHIES AND BOWLS",,
"BUTTER-BEER AND MAGIC GEAR",,
"JOHNNY SMASH LLC",,
"EL CREPITAS",,
"CHURROLOGYWEBER",,
"PUPUSAS Y TACOS GLADIS","null null",
"SOUTHERN HEIGHTS BBQ","UT",
"ON RIICE","null null",
"SCONES N'STUFF","UT",
"BAKEDBYTRAVIS","UT",
"APOLLO BURGER","590 1100 North                NORTH SALT LAKE UT 84075",
"AMC THEATRES LAYTON HILLS 9","728 1425 NORTH                LAYTON UT 84041",
"BARNES & NOBLE BOOKSELLERS INC.","1780 WOODLAND PARK                LAYTON UT 84041",
"BEST WESTERN PLUS LAYTON PARK HOTEL","798 1425 NORTH                LAYTON UT 84041",
"BEST WESTERN PLUS COTTON TREE INN","1030 400 EAST                NORTH SALT LAKE UT 84054",
"BRUGES KITCHEN LLC","555 MAIN                NORTH SALT LAKE UT 84054",
"BUFFALO WILD WINGS, #377","695 RING                LAYTON UT 84041",
"DAILY RISE COFFEE","1985 ANTELOPE                LAYTON UT 84041",
"C & B MADDOX FAMOUS CHICKEN","698 MAIN                LAYTON UT 84041",
"CENTERVILLE CONCESSIONS STAND","1350 400 WEST                CENTERVILLE UT 84014",
"CHINA FORTUNE RESTAURANT","2112 HILLFIELD                LAYTON UT 84041",
"CHINA PLATTER RESTAURANT","547 2600 SOUTH                BOUNTIFUL UT 84010",
"CROWN BURGERS RESTAURANT","1986 MAIN                LAYTON UT 84041",
"WARREN'S / DYLAN'S DRIVE IN","185 MAIN                KAYSVILLE UT 84037",
"DAVIS PARK CAFE","1074 NICHOLLS                FRUIT HEIGHTS UT 84037",
"EAST LAYTON CHEVRON","1165 GENTILE                LAYTON UT 84040",
"EINSTEIN BROS. BAGELS #860","897 MAIN                LAYTON UT 84041",
"SINCLAIR","3427 ORCHARD                BOUNTIFUL UT 84010",
"FARMINGTON CITY MUNICIPAL POOL","142 MAIN                FARMINGTON UT 84025",
"FRANCISCO'S MEXICAN GRILL","7 STATE                FARMINGTON UT 84025",
"FAHRENHEIT LOUNGE","762 HERITAGE PARK                LAYTON UT 84041",
"FUJI SUSHI RESTAURANT","330 MARKET PLACE                CENTERVILLE UT 84014",
"GARCIA'S MEXICAN RESTAURANT","1075 HILLFIELD                LAYTON UT 84041",
"GOLDEN CORRAL LAYTON","1624 HERITAGE PARK                LAYTON UT 84041",
"CHERRY HILL, INC.","1325 MAIN                KAYSVILLE UT 84037",
"THE HABIT BURGER GRILL RESTAURANTS","260 UNION                FARMINGTON UT 84025",
"OSAKA SUSHI IZAKAYA","918 HERITAGE PARK                LAYTON UT 84041",
"ITAME'S GRILL/READY PIZZA","2704 HILLFIELD                LAYTON UT 84041",
"IN-N-OUT BURGER #248","475 700 WEST                CENTERVILLE UT 84014",
"JAROCHOS LLC","1095 MAIN                LAYTON UT 84041",
"JOHNNY ROCKETS #570","875 PROMONTORY                FARMINGTON UT 84025",
"KATERING WITH KJAR","215 SHEPARD                KAYSVILLE UT 84037",
"THE KAYSVILLE THEATRE","21 MAIN                KAYSVILLE UT 84037",
"APPLEBEE'S OF LAYTON","1622 1000 WEST                LAYTON UT 84041",
"LITTLE ORIENT RESTAURANT","734 MAIN                LAYTON UT 84041",
"LORENA'S RESTAURANT","2477 800 WEST                WOODS CROSS UT 84087",
"MEGAPLEX 14 AT LEGACY CROSSING","1075 LEGACY CROSSING                CENTERVILLE UT 84014",
"MANDARIN RESTAURANT","348 900 NORTH                BOUNTIFUL UT 84010",
"MANUEL'S EL BURRITO RESTAURANT AND CANTINA","1145 STATE                CLEARFIELD UT 84015",
"MO' BETTAHS","273 500 SOUTH                BOUNTIFUL UT 84010",
"NOODLES & COMPANY","748 ANTELOPE                LAYTON UT 84041",
"NIELSEN'S FROZEN CUSTARD & DINER","570 2600 SOUTH                BOUNTIFUL UT 84010",
"NACHO MAMA - ELLISON PARK","850 2200 NORTH                LAYTON UT 84041",
"OAKRIDGE COUNTRY CLUB","1492 SHEPARD                FARMINGTON UT 84025",
"THE OLIVE GARDEN ITALIAN RESTAURANT #1206","675 SOUTH RING                LAYTON UT 84041",
"OUTBACK STEAKHOUSE #4511","1664 1200 WEST                LAYTON UT 84041",
"PARK LANE CHEVRON","697 LAGOON                FARMINGTON UT 84025",
"PARSON'S BAKERY","535 2600 SOUTH                BOUNTIFUL UT 84010",
"CHERRY HILL, INC.","1325 MAIN                KAYSVILLE UT 84037",
"PILOT TRAVEL CENTER #772","885 NORTH POINT                NORTH SALT LAKE UT 84054",
"PRETZELMAKER/MRS. FIELDS","2070 LAYTON HILLS MALL                LAYTON UT 84041",
"RED ROBIN #412","1562 WOODLAND PARK                LAYTON UT 84041",
"ROOSTERS LAYTON, LLC","748 HERITAGE PARK                LAYTON UT 84041",
"A BOUNTIFUL ROYAL INDIA","55 MAIN                BOUNTIFUL UT 84010",
"RED LOBSTER #0674","979 400 WEST                LAYTON UT 84041",
"SUSHI YA","1246 LEGEND HILLS                CLEARFIELD UT 84015",
"SUSHI MONSTER","935 PROMONTORY                FARMINGTON UT 84025",
"SYRACUSE 6","2428 ANTELOPE                SYRACUSE UT 84075",
"SIPS OF WOODS CROSS, INC.","2223 MAIN                BOUNTIFUL UT 84010",
"SCHNEITERS BLUFF GOLF COURSE","300 3500 WEST                WEST POINT UT 84015",
"SALT CITY PIZZA CO.","116 GENTILE                LAYTON UT 84041",
"SH & SONS, INC.","641 MAIN                CLEARFIELD UT 84015",
"TASTE OF INDIA","1664 WOODLAND PARK                LAYTON UT 84041",
"CHIPOTLE MEXICAN GRILL #953","135 500 WEST                WEST BOUNTIFUL UT 84010",
"THYME & SEASONS MARKET PLACE","3211 ORCHARD                BOUNTIFUL UT 84010",
"CRANE FIELD GOLF COURSE","3648 CRANEFIELD                CLINTON UT 84015",
"TONY'S GRILL AND SUSHI BAR","22 MAIN                LAYTON UT 84041",
"TWIGS BISTRO & MARTINI BAR","155 EAST PROMONTORY                FARMINGTON UT 84025",
"COSTA VIDA","1952 2000 WEST                CLINTON UT 84015",
"TEPANYAKI","1386 LEGEND HILLS                CLEARFIELD UT 84015",
"WARREN'S DRIVE IN","1778 1000 West                SYRACUSE UT 84075",
"CHINESE GOURMET EXPRESS","1201 HILLFIELD                LAYTON UT 84041",
"HUG HES CAFE","2432 1700                SYRACUSE UT 84075",
"TAAKE 518, INC. DBA KENTUCKY FRIED CHICKEN","609 MAIN                CLEARFIELD UT 84015",
"THAI ROD DEE","350 MAIN                LAYTON UT 84041",
"CINEMARK LAYTON AND XD","720 RING                LAYTON UT 84041",
"CHINA STAR","1171 500 WEST                BOUNTIFUL UT 84010",
"CLASSIC FUN CENTER","867 ANGEL                LAYTON UT 84041",
"LA QUINTA INNS & SUITES #686","1965 1200 WEST                LAYTON UT 84041",
"ISLAND BUFFALO GRILL","4528 1700 SOUTH                SYRACUSE UT 84075",
"COURTYARD BY MARRIOTT","1803 WOODLAND PARK                LAYTON UT 84041",
"HAMPTON INN AND SUITES","332 PARK                FARMINGTON UT 84025",
"FARMINGTON BAY YOUTH CENTER","907 CLARK                FARMINGTON UT 84025",
"KIDS FIRST, INC.","615 FORT                LAYTON UT 84041",
"LET THEM BE KIDS AND THE HANG OUT #1","872 1600 SOUTH                CLEARFIELD UT 84015",
"LITTLE RASCALS PRESCHOOL","835 MAIN                SUNSET UT 84015",
"READY-SET-GROW PRESCHOOL","215 300 EAST                BOUNTIFUL UT 84010",
"SOLSTICE, RTC","1904 GORDAN                LAYTON UT 84041",
"VITO'S","108 MAIN                BOUNTIFUL UT 84010",
"ABC GREAT BEGINNINGS - CLEARFIELD","360 CENTER                CLEARFIELD UT 84015",
"BOBA WORLD, LLC","512 750 SOUTH                BOUNTIFUL UT 84010",
"BOONDOCKS FUN CENTER - KAYSVILLE LLC","525 DESERET                KAYSVILLE UT 84037",
"CRACKER BARREL #314","1792 HERITAGE PARK                LAYTON UT 84041",
"OAK RIDGE ASSISTED LIVING","463 RAWLINS                CENTERVILLE UT 84014",
"CHRISTIAN LIFE CENTER CHURCH CAFETERIA","2352 HWY. 193                LAYTON UT 84040",
"GREAT HARVEST BREAD","96 MAIN                LAYTON UT 84041",
"CUTLER'S","120 500 SOUTH                BOUNTIFUL UT 84010",
"ASCENT ACADEMICS OF UTAH CAFETERIA","22 650 WEST                FARMINGTON UT 84025",
"FAMILY TREE AT WEST POINT","421 3150 WEST                WEST POINT UT 84015",
"JEFFERSON ACADEMY CAFETERIA","1425 ANGEL                KAYSVILLE UT 84037",
"ARBY'S #1501","2030 MAIN                LAYTON UT 84041",
"PACE'S DAIRY ANN","1180 500 WEST                BOUNTIFUL UT 84010",
"SUBWAY #24216","386 REDWOOD                NORTH SALT LAKE UT 84054",
"WENDY'S #5705","1598 2000 West                SYRACUSE UT 84075",
"ARBY'S OF CLINTON #8339","1896 2000 WEST                CLINTON UT 84015",
"ARBY'S OF SYRACUSE #8299","1766 2000 WEST                SYRACUSE UT 84075",
"WASATCH WOK","129 STATE                CLEARFIELD UT 84015",
"THATCHER BROOK REHABILITATION & CARE CENTER","1795 CHELEMES                CLEARFIELD UT 84015",
"VOYAGE ACADEMY CAFETERIA","1891 1500 WEST                CLINTON UT 84015-8508",
"WALDO'S WILDCAT STORE","2750 UNIVERSITY PARK                LAYTON UT 84041",
"WINGER'S OF CLEARFIELD","743 MAIN                CLEARFIELD UT 84015",
"FIVE GUYS BURGERS & FRIES","255 500 WEST                BOUNTIFUL UT 84010",
"COSTA VIDA","630 1425 NORTH                LAYTON UT 84041",
"LA PETITE ACADEMY #7319","325 1550 NORTH                LAYTON UT 84041",
"LEGACY HOUSE OF BOUNTIFUL","79 CENTER                BOUNTIFUL UT 84010",
"KENTUCKY FRIED CHICKEN #508","495 500 West                BOUNTIFUL UT 84010",
"MENCHIE'S FROZEN YOGURT","765 ANTELOPE                LAYTON UT 84041",
"FIVE GUYS BURGERS & FRIES","2065 HARRIS                LAYTON UT 84041",
"ARCTIC CIRCLE #102","328 MAIN                KAYSVILLE UT 84037",
"ARCTIC CIRCLE #106","2071 ORCHARD                BOUNTIFUL UT 84010",
"ARCTIC CIRCLE #128","1093 1700 SOUTH                SYRACUSE UT 84075",
"ARCTIC CIRCLE #124","1493 MAIN                BOUNTIFUL UT 84010",
"TONYBURGERS","1917 1800 NORTH                CLINTON UT 84015",
"TONYBURGERS","100 PARRISH                CENTERVILLE UT 84014",
"CAFE RIO MEXICAN GRILL","2065 HARRIS                LAYTON UT 84041",
"BEEHIVE DAY CARE","573 1000 WEST                CLEARFIELD UT 84015",
"BENCHMARK BEHAVIORAL HEALTH SYSTEM, INC.","592 1350 SOUTH                WOODS CROSS UT 84087",
"BOWMAN'S MARKET","326 MAIN                KAYSVILLE UT 84037",
"MCDONALD'S #33152","1866 2000 WEST                CLINTON UT 84015",
"DEL TACO #790","196 500 SOUTH                BOUNTIFUL UT 84010",
"HAMPTON INN SALT LAKE CITY NORTH","2393 800 WEST                WOODS CROSS UT 84087",
"UTAH FOOD SERVICES","581 900 NORTH                NORTH SALT LAKE UT 84054",
"LITTLE CAESARS #014","1580 STATE                CLEARFIELD UT 84015",
"JIMMY JOHN'S","1952 2000 WEST                CLINTON UT 84015",
"WALMART #5234","1632 2000 WEST                CLINTON UT 84015",
"MAVERIK, INC. #283","1991 1700 SOUTH                SYRACUSE UT 84075",
"MAVERIK, INC. #349","390 1700 SOUTH                CLEARFIELD UT 84015",
"RB'S INTERSTATE #9","527 700 WEST                WOODS CROSS UT 84087",
"BRYDEN ACADEMY","595 500 WEST                WEST BOUNTIFUL UT 84087",
"DAIRY QUEEN","null LAYTON HILLS MALL                LAYTON UT 84041",
"GLEN EAGLE GOLF CLUB","3176 1700 SOUTH                SYRACUSE UT 84075",
"EL MATADOR","606 MAIN                BOUNTIFUL UT 84010",
"HATCH 541, INC. DBA TACO BELL #541","509 500 SOUTH                BOUNTIFUL UT 84010",
"TASTE OF INDIA GRILL","282 500 WEST                BOUNTIFUL UT 84010",
"VFW POST #8307","1389 MAIN                LAYTON UT 84041",
"TOP STOP CONVENIENCE STORE C-51","320 200 NORTH                KAYSVILLE UT 84037",
"TOP STOP CONVENIENCE STORE C-50","35 100 EAST                FARMINGTON UT 84025",
"TOP STOP CONVENIENCE STORE C-31","382 FRONTAGE                CENTERVILLE UT 84014",
"ARBY'S #1663","2489 MAIN                BOUNTIFUL UT 84010",
"7-ELEVEN #35432A","310 2000 WEST                WEST POINT UT 84015",
"COSTCO WHOLESALE #735","573 100 NORTH                WEST BOUNTIFUL UT 84087",
"DAVIS CONFERENCE CENTER","1651 700 WEST                LAYTON UT 84041",
"GREAT HARVEST BREAD","2201 2000 WEST                CLINTON UT 84015",
"ARCTIC CIRCLE #130","1075 FAIRFIELD                LAYTON UT 84041",
"HIGHMARK CHARTER CAFETERIA","2467 SOUTH WEBER                SOUTH WEBER UT 84405",
"DICK'S MARKET","2280 ORCHARD                BOUNTIFUL UT 84010",
"JAVIER'S AUTHENTIC MEXICAN FOOD","1050 SHEPARD                FARMINGTON UT 84025",
"ASSOCIATED FRESH MARKET","910 FAIRFIELD                LAYTON UT 84040",
"KEVA JUICE BOUNTIFUL","45 500 SOUTH                BOUNTIFUL UT 84010",
"LAYTON CHILDREN'S CENTER","1636 1200 WEST                LAYTON UT 84041",
"LEADERSHIP LEARNING ACADEMY CAFETERIA","100 2675 NORTH                LAYTON UT 84041",
"NORTH DAVIS PREPARATORY ACADEMY CAFETERIA","1765 HILLFIELD                LAYTON UT 84041",
"PLATES & PALATES","390 500 WEST                BOUNTIFUL UT 84010",
"SYRACUSE CITY COMMUNITY CENTER","1912 1900 SOUTH                SYRACUSE UT 84075",
"THE LUCKY SLICE","1246 LEGEND HILLS                CLEARFIELD UT 84015",
"TIME FOR FAMILIES, DAVIS COUNTY","440 KAYS                KAYSVILLE UT 84037",
"WASATCH PEAK ACADEMY CAFETERIA (K-6)","414 CUTLER                NORTH SALT LAKE UT 84054",
"WAT DHAMMAGUNARAM OF UTAH","644 1000 NORTH                LAYTON UT 84041",
"APPLE DEVELOPMENTAL DAY CARE","455 CENTER                BOUNTIFUL UT 84010",
"ASIAN FOODS, LLC","1475 STATE ST                CLEARFIELD UT 84015",
"CHANG'S CHOPSTIX RESTAURANT","1296 HIGHWAY 89                FARMINGTON UT 84025",
"COMFORT INN","877 400 WEST                LAYTON UT 84041",
"7-ELEVEN #35034A","1829 2000 WEST                CLINTON UT 84015",
"TACO TIME","45 MAIN                CENTERVILLE UT 84014",
"TACO TIME","496 1100 NORTH                NORTH SALT LAKE UT 84054",
"CHILI'S GRILL & BAR","1970 1000 WEST                LAYTON UT 84041",
"CHILI'S GRILL & BAR","371 PARRISH                CENTERVILLE UT 84014",
"BETO'S MEXICAN FOOD","293 MAIN                CLEARFIELD UT 84015",
"CUTLER'S - LAYTON","1290 HWY 193                LAYTON UT 84040",
"DEL TACO #1085","737 MAIN                LAYTON UT 84041",
"DOWN UNDER CLUB","544 400 NORTH                WEST BOUNTIFUL UT 84087",
"DRAGON HILL CUISINE, INC.","1625 1000 WEST                CLEARFIELD UT 84015",
"JANET'S SUNSHINE CAFE","20 ORCHARD                NORTH SALT LAKE UT 84054",
"JAVIER'S MEXICAN FOOD","448 ANTELOPE                LAYTON UT 84041",
"LAURI STOREY CATERING, LLC","35 100 WEST                KAYSVILLE UT 84037",
"MCKAY #534, INC. -DBA KENTUCKY FRIED CHICKEN","747 MAIN                LAYTON UT 84041",
"QUIZNOS","420 REDWOOD                NORTH SALT LAKE UT 84054",
"SILL'S CAFE","335 GENTILE                LAYTON UT 84041",
"THE PIZZA PLACE","198 FAIRFIELD                LAYTON UT 84041",
"HARMONS STATION PARK","200 STATION                FARMINGTON UT 84025",
"DAVIS LANES INC","1396 MAIN                LAYTON UT 84041",
"BARTON CREEK SENIOR LIVING","499 500 SOUTH                BOUNTIFUL UT 84010",
"SUBWAY #22747","1867 2000 WEST                CLINTON UT 84015",
"EINSTEIN BROS. BAGELS #1206","498 MAIN                BOUNTIFUL UT 84010",
"TACO BELL #33160","632 MAIN                CLEARFIELD UT 84015",
"TACO BELL #33155","885 MAIN                LAYTON UT 84041",
"TACO BELL #33173","311 FRONTAGE                CENTERVILLE UT 84014",
"TACO BELL #33175","1180 HIGHWAY 193                LAYTON UT 84040",
"TACO BELL #33177","1667 2000 WEST                CLINTON UT 84015",
"GREAT HARVEST BREAD CO.","43 500 SOUTH                BOUNTIFUL UT 84010",
"KINDERCARE LEARNING CENTER","775 400 EAST                NORTH SALT LAKE UT 84054",
"KINDERCARE LEARNING CENTERS","1208 SHEPARD CREEK                FARMINGTON UT 84025",
"MAVERIK, INC. #130","105 200 WEST                BOUNTIFUL UT 84010",
"MAVERIK, INC. #168","1500 MAIN                BOUNTIFUL UT 84010",
"MAVERIK, INC. #184","2014 400 WEST                LAYTON UT 84041",
"MAVERIK, INC. #197","87 MAIN                LAYTON UT 84041",
"MAVERIK, INC. #269","1036 1800 NORTH                CLINTON UT 84015",
"MAVERIK, INC. #299","849 GORDON                LAYTON UT 84041",
"MAVERIK, INC. #302","1510 700 SOUTH                CLEARFIELD UT 84015",
"MAVERIK, INC. #303","709 STATE                CLEARFIELD UT 84015",
"MAVERIK, INC. #369","985 300 NORTH                CLEARFIELD UT 84015",
"MAVERIK, INC. #381","1455 3000 NORTH                LAYTON UT 84040",
"MAVERIK, INC. #386","800 CENTER                NORTH SALT LAKE UT 84054",
"MAVERIK, INC. #397","957 SHEPARD                FARMINGTON UT 84025",
"COMMON CENTS FOOD STORE #252","412 500 WEST                BOUNTIFUL UT 84010",
"LAKEVIEW HOSPITAL","520 MEDICAL                BOUNTIFUL UT 84010",
"NIELSEN'S FROZEN CUSTARD","378 MAIN                LAYTON UT 84041",
"NORTH DAVIS PREPARATORY ACADEMY JR. HIGH CAFETERIA","1591 HILL FIELD                LAYTON UT 84041",
"DICK'S MARKET","84 PARRISH                CENTERVILLE UT 84014",
"CAFE CENTRAL","null G-4 FREEPORT WEST                CLEARFIELD UT 84016",
"CINEMARK STATION PARK","900 CLARK                FARMINGTON UT 84025",
"CAFE ZUPAS - FARMINGTON","262 CENTRAL                FARMINGTON UT 84025",
"CAFE ZUPAS - LAYTON","748 ANTELOPE                LAYTON UT 84041",
"RANCHERITO'S MEXICAN FOOD","423 MAIN                LAYTON UT 84041",
"RANCHERITO'S MEXICAN FOOD","866 1700 SOUTH                CLEARFIELD UT 84015",
"SMOKIN BONES BBQ, LLC","364 200 WEST                BOUNTIFUL UT 84010",
"SPECTRUM ACADEMY CAFETERIA","665 CUTLER                NORTH SALT LAKE UT 84054",
"SYRACUSE ARTS ACADEMY CAFETERIA","2893 1700 SOUTH                SYRACUSE UT 84075",
"ELEVATIONS RTC","2650 2700 SOUTH                SYRACUSE UT 84075",
"GAME HAVEN","273 500 SOUTH                BOUNTIFUL UT 84010",
"ROCKY MOUNTAIN CARE - CLEARFIELD","1481 1450 SOUTH                CLEARFIELD UT 84015",
"SAM'S CLUB #6682","1055 HILLFIELD                LAYTON UT 84041",
"FISHER PARK CONCESSION","825 1000 EAST                CLEARFIELD UT 84015",
"CHERRY HILL, INC.","1325 MAIN                KAYSVILLE UT 84037",
"3 BANDERAS WEST CLINTON COMPLEX","2826 1800 NORTH                CLINTON UT 84015",
"MAVERIK, INC. #513","1843 MAIN                SUNSET UT 84015",
"RB'S ONE STOP #4","219 PARRISH                CENTERVILLE UT 84014",
"RB'S GENTILE","411 GENTILE                LAYTON UT 84041",
"JIMMY JOHN'S","765 ANTELOPE                LAYTON UT 84041",
"JIMMY JOHN'S","175 500 WEST                WEST BOUNTIFUL UT 84010",
"MCDONALD'S #7490","529 700 WEST                CENTERVILLE UT 84014",
"BETO'S MEXICAN FOOD","315 MAIN                KAYSVILLE UT 84037",
"BETO'S MEXICAN FOOD","275 500 WEST                BOUNTIFUL UT 84010",
"SPECTRUM ACADEMY CAFETERIA","575 CUTLER                NORTH SALT LAKE UT 84054",
"IHOP #1737","388 MARKETPLACE                CENTERVILLE UT 84014",
"PANDA EXPRESS #966","1950 1000 WEST                LAYTON UT 84041",
"PANDA EXPRESS #1987","350 CENTRAL                FARMINGTON UT 84025",
"PANDA EXPRESS #2158","1649 2000 WEST                CLINTON UT 84015",
"BURGER KING #25243","1688 2000 WEST                CLINTON UT 84015",
"PACES","1090 300 North                CLEARFIELD UT 84015",
"PLAY2LEARN ACADEMY ON MAIN","1525 Main                BOUNTIFUL UT 84010",
"ARBY'S CENTERVILLE #5759","355 800 WEST                CENTERVILLE UT 84014",
"ARBY'S KAYSVILLE #7688","225 400 WEST                KAYSVILLE UT 84037",
"RUMBI ISLAND GRILL","71 500 WEST                WEST BOUNTIFUL UT 84010",
"MCDONALD'S #19334","320 200 NORTH                KAYSVILLE UT 84037",
"LITTLE CAESARS #015","74 500 SOUTH                BOUNTIFUL UT 84010",
"LITTLE CAESARS #034","1933 2000 WEST                CLINTON UT 84015",
"LITTLE CAESARS #056","2432 ANTELOPE                SYRACUSE UT 84075",
"LITTLE CAESARS #057","84 PARRISH                CENTERVILLE UT 84014",
"SMITH'S FOOD & DRUG CENTERS #135","1316 HWY. 89                FARMINGTON UT 84025",
"SMITH'S FOOD & DRUG CENTERS #140","2353 MAIN                SUNSET UT 84015",
"SMITH'S FOOD & DRUG CENTERS #142","951 1700 SOUTH                SYRACUSE UT 84075",
"SMITH'S FOOD & DRUG CENTERS #444","555 200 WEST                BOUNTIFUL UT 84010",
"STARBUCKS #10760","1819 1800 NORTH                CLINTON UT 84015",
"STARBUCKS #10703","356 MARKETPLACE                CENTERVILLE UT 84014",
"STARBUCKS #19032","332 UNION                FARMINGTON UT 84025",
"LAGOON AMUSEMENT PARK","375 LAGOON                FARMINGTON UT 84025",
"STARBUCKS #20321","422 500 SOUTH                BOUNTIFUL UT 84010",
"PAPA JOHN'S PIZZA #1649","895 1700 SOUTH                SYRACUSE UT 84075",
"PAPA JOHN'S PIZZA #2644","755 HIGHWAY 89                NORTH SALT LAKE UT 84054",
"PAPA JOHN'S PIZZA #2610","1320 HIGHWAY 89                FARMINGTON UT 84025",
"PIZZA HUT #23180","265 MAIN                KAYSVILLE UT 84037",
"PIZZA HUT #22543","529 200 WEST                BOUNTIFUL UT 84010",
"THE RUSH FUNPLEX","1806 2000 WEST                SYRACUSE UT 84075",
"SUBWAY","1540 HILLFIELD                LAYTON UT 84041",
"POPEYE'S CHICKEN #507","924 ANTELOPE                LAYTON UT 84041",
"TARGET STORE T-1755 FOOD AVENUE","815 2000 NORTH                LAYTON UT 84041",
"TEXAS ROADHOUSE","365 500 WEST                WEST BOUNTIFUL UT 84087",
"7-ELEVEN STORE #34755 B","1109 500 SOUTH                WEST BOUNTIFUL UT 84087",
"Z BROTHERS PIZZA","460 REDWOOD                NORTH SALT LAKE UT 84054",
"LAGOON AMUSEMENT PARK","375 LAGOON                FARMINGTON UT 84025",
"LAGOON AMUSEMENT PARK","375 LAGOON                FARMINGTON UT 84025",
"LAGOON AMUSEMENT PARK","375 LAGOON                FARMINGTON UT 84025",
"LAGOON AMUSEMENT PARK","375 LAGOON                FARMINGTON UT 84025",
"LAGOON AMUSEMENT PARK","375 LAGOON                FARMINGTON UT 84025",
"LAGOON AMUSEMENT PARK","375 LAGOON                FARMINGTON UT 84025",
"LAGOON AMUSEMENT PARK","375 LAGOON                FARMINGTON UT 84025",
"LAGOON AMUSEMENT PARK","375 LAGOON                FARMINGTON UT 84025",
"LAGOON AMUSEMENT PARK","375 LAGOON                FARMINGTON UT 84025",
"LAGOON AMUSEMENT PARK","375 LAGOON                FARMINGTON UT 84025",
"LAGOON AMUSEMENT PARK","375 LAGOON                FARMINGTON UT 84025",
"LAGOON AMUSEMENT PARK","375 LAGOON                FARMINGTON UT 84025",
"LAGOON AMUSEMENT PARK","375 LAGOON                FARMINGTON UT 84025",
"LAGOON AMUSEMENT PARK","375 LAGOON                FARMINGTON UT 84025",
"PANDA EXPRESS #818","245 500 SOUTH                BOUNTIFUL UT 84010",
"IHOP #1741","920 MAIN                LAYTON UT 84041",
"THE PIZZA FACTORY - SYRACUSE","725 1700 SOUTH                SYRACUSE UT 84075",
"PLAY2LEARN ACADEMY","101 CROSS                LAYTON UT 84041",
"STEED PARK","300 1000 WEST                CLEARFIELD UT 84015",
"FARMINGTON CITY'S COMMUNITY ARTS CENTER","120 MAIN                FARMINGTON UT 84025",
"ARBY'S LAYTON #6521","987 FAIRFIELD                LAYTON UT 84041",
"RUMBI ISLAND GRILL","748 ANTELOPE                LAYTON UT 84041",
"3 BANDERAS, LLC CLINTON CIVIC CENTER","1651 2300 NORTH                CLINTON UT 84015",
"MCDONALD'S #17972","490 500 WEST                BOUNTIFUL UT 84010",
"MCDONALD'S #34870","610 2600 SOUTH                WOODS CROSS UT 84087",
"SONIC DRIVE IN LAYTON","796 ANTELOPE                LAYTON UT 84041",
"COSTA VIDA","310 CENTRAL                FARMINGTON UT 84025",
"LITTLE CAESARS #029","192 FAIRFIELD                LAYTON UT 84041",
"BASKIN ROBBINS","1088 GENTILE                LAYTON UT 84041",
"RB'S KAYSVILLE","135 MAIN                KAYSVILLE UT 84037",
"WALMART #3366","221 Parrish                CENTERVILLE UT 84014",
"WALMART #3848","2228 1700 SOUTH                SYRACUSE UT 84075",
"JIMMY JOHN'S","382 FRONTAGE                CENTERVILLE UT 84014",
"WALMART #5205","1356 HIGHWAY 193                LAYTON UT 84040",
"PIZZA HUT #24076","2201 2000 WEST                CLINTON UT 84015",
"MCDONALD'S #27439","867 1700 SOUTH                SYRACUSE UT 84075",
"MCDONALD'S #11046","1075 GENTILE                LAYTON UT 84041",
"MCDONALD'S #10299","691 MAIN                CLEARFIELD UT 84015",
"MOE'S SOUTH WEST GRILL","928 ANTELOPE                LAYTON UT 84041",
"CLEARFIELD AQUATIC & FITNESS CENTER","825 STATE                CLEARFIELD UT 84015",
"Z BROTHERS PIZZA","1097 MAIN                CENTERVILLE UT 84014",
"EVOLUTION FITNESS & PERSONAL TRAINING","475 1425 NORTH                LAYTON UT 84041",
"MCDONALD'S #6048","2080 MAIN                LAYTON UT 84041",
"WELCOME HOME ASSISTED LIVING","633 MEDICAL                BOUNTIFUL UT 84010",
"RAMBLIN ROADS RESTAURANT","544 400 NORTH                BOUNTIFUL UT 84010",
"CHICK-FIL-A CENTERVILLE","540 800 WEST                CENTERVILLE UT 84014",
"SMITH'S FOOD & DRUG CENTERS #149","1170 GENTILE                LAYTON UT 84040",
"STARBUCKS #13841","2011 HILLFIELD                LAYTON UT 84041",
"HOME 2 SUITES","803 HERITAGE PARK                LAYTON UT 84041",
"PIZZA HUT #22574","2996 HILLFIELD                LAYTON UT 84041",
"PAPA JOHN'S PIZZA #2424","1986 HILLFIELD                LAYTON UT 84041",
"TARGET STORE T-1755 DELI","815 2000 NORTH                LAYTON UT 84041",
"HARMONS STATION PARK","200 STATION                FARMINGTON UT 84025",
"SYRACUSE ARTS ACADEMY NORTH CAMPUS CAFETERIA","357 1550 WEST                SYRACUSE UT 84075",
"SYRACUSE ARTS ACADEMY CAFETERIA","2965 1700 SOUTH                SYRACUSE UT 84075",
"SMITH'S MARKETPLACE #272","217 2000 WEST                WEST POINT UT 84015",
"BEANS & BREWS COFFEE HOUSE #119","1137 1700 SOUTH                SYRACUSE UT 84075",
"BOUNTIFUL ELEMENTARY CAFETERIA","1620 50 WEST                BOUNTIFUL UT 84010",
"CLEARFIELD JOB CORPS CENTER","20 1700 SOUTH                CLEARFIELD UT 84016",
"VIEWPOINT CENTER","2732 2700 SOUTH                SYRACUSE UT 84075",
"MAVERIK, INC. #507","888 200 NORTH                KAYSVILLE UT 84037",
"GREAT EMPIRE CHINESE RESTAURANT","140 PARRISH                CENTERVILLE UT 84014",
"THE POPCORN COTTAGE","435 1425 SOUTH                LAYTON UT 84041",
"OLD GRIST MILL BREAD CO.","334 MAIN                KAYSVILLE UT 84037",
"EXTRA MILE #165","1011 MAIN                CENTERVILLE UT 84014",
"THE HABIT BURGER GRILL","508 ANTELOPE                LAYTON UT 84041",
"PACE'S","344 MAIN                LAYTON UT 84041",
"BETO'S MEXICAN FOOD","395 REDWOOD                NORTH SALT LAKE UT 84054",
"ORLANDO'S MEXICAN RESTAURANT","141 MAIN                KAYSVILLE UT 84037",
"WALMART #1699","745 HILLFIELD                LAYTON UT 84041",
"MCDONALD'S #11193","1155 HILLFIELD                LAYTON UT 84041",
"CUTLER'S","260 MAIN                CENTERVILLE UT 84014",
"MCDONALD'S #29590","745 HILLFIELD                LAYTON UT 84041",
"TEXAS ROADHOUSE","685 RING                LAYTON UT 84041",
"BOUNTIFUL BOWL","409 500 WEST                BOUNTIFUL UT 84010",
"WEST BOUNTIFUL ELEMENTARY","750 400 NORTH                BOUNTIFUL UT 84010",
"NORTH DAVIS JR. HIGH CAFETERIA","835 STATE                CLEARFIELD UT 84015",
"CHIPOTLE MEXICAN GRILL #2536","1035 ANTELOPE                LAYTON UT 84041",
"LAGOON AMUSEMENT PARK","375 LAGOON                FARMINGTON UT 84025",
"CORNER CAFE","550 300 SOUTH                KAYSVILLE UT 84037",
"HUGS LAYTON, LLC","701 MAIN                LAYTON UT 84041",
"SMITH'S FOOD & DRUG CENTERS #277","1370 200 NORTH                KAYSVILLE UT 84037",
"AJI  ROCOTO CHICKEN & GRILL, LLC","512 750 SOUTH                BOUNTIFUL UT 84010",
"CAFE SABOR LAYTON","200 MAIN                LAYTON UT 84041",
"DAVIS CONFERENCE CENTER","1651 700 WEST                LAYTON UT 84041",
"BASKIN ROBBINS","530 MAIN                BOUNTIFUL UT 84010",
"SUNRISE MONTESSORI CAFETERIA","43 200 WEST                BOUNTIFUL UT 84010",
"SOUTH DAVIS SENIOR ACTIVITY CENTER","726 100 EAST                BOUNTIFUL UT 84010",
"CENTRAL DAVIS SENIOR ACTIVITY CENTER","81 CENTER                KAYSVILLE UT 84037",
"NORTH DAVIS","42 STATE                CLEARFIELD UT 84015",
"FAIRFIELD VILLAGE OF LAYTON","1201 FAIRFIELD                LAYTON UT 84041",
"7-ELEVEN STORE #23550C","1998 MAIN                LAYTON UT 84041",
"AMERICAN LEGION POST #134","345 DEPOT                CLEARFIELD UT 84015",
"GOLDEN GINGER","1020 300 NORTH                CLEARFIELD UT 84015",
"KID CARE COMPANY NSL INC","754 REDWOOD                NORTH SALT LAKE UT 84054",
"HOT DOG ON A STICK","1076 LAYTON HILLS MALL                LAYTON UT 84041",
"DAVIS BEHAVIORAL HEALTH (DBH)","2250 1700 WEST                LAYTON UT 84041",
"SUMMIT LOUNGE BAR & GRILL","918 HERITAGE PARK                LAYTON UT 84041",
"MCDONALD'S #34434","1080 GRAND                FARMINGTON UT 84025",
"MAVERIK, INC. #527","2577 WEBER                SOUTH WEBER UT 84405",
"DAVIS BEHAVIORAL HEALTH (DBH)","2250 1700 WEST                LAYTON UT 84041",
"JAMBA JUICE #873","1776 2000 WEST                CLINTON UT 84015",
"JAMBA JUICE #237","1944 WOODLAND PARK                LAYTON UT 84040",
"ZAXBY'S","1781 2000 WEST                CLINTON UT 84041",
"WELCOME HOME ASSISTED LIVING","633 MEDICAL                BOUNTIFUL UT 84010",
"SUPER STOP","310 MAIN                CLEARFIELD UT 84015",
"LAYTON CITY SURF 'N SWIM","465 WASATCH                LAYTON UT 84041",
"PHO BANH","1286 LENGEND HILLS                CLEARFIELD UT 84015",
"RAINTREE SENIOR LIVING","2063 1900 SOUTH                SYRACUSE UT 84075",
"THE CORNER NOODLE LLC.","1588 2000 WEST                SYRACUSE UT 84075",
"HARU RAMEN","1266 LEGEND HILLS                CLEARFIELD UT 84015",
"IHOP #3533","2487 800 WEST                WOODS CROSS UT 84087",
"BOUT TIME PUB & GRILL","641 600 NORTH                LAYTON UT 84041",
"NOODLES & COMPANY","1032 PARK                FARMINGTON UT 84025",
"WORLD'S BEST CORNDOGS","196 SUGAR                LAYTON UT 84041",
"LEGACY HOUSE OF PARK LANE","547 STATION PARK                FARMINGTON UT 84025",
"NEW CHINA GROVE","973 1700 SOUTH                SYRACUSE UT 84075",
"PIZZA CONE ZONE","1550 320 WEST                LAYTON UT 84041",
"ERNIE'S TOO","2563 MAIN                BOUNTIFUL UT 84010",
"HYATT PLACE FARMINGTON STATION PARK","222 UNION                FARMINGTON UT 84025",
"MAVERIK, INC. #542","1265 PARRISH                CENTERVILLE UT 84014",
"CHANCELLOR GARDENS OF CLEARFIELD","1425 1500 EAST                CLEARFIELD UT 84015",
"BLAZE PIZZA #1171","260 UNIVERSITY                FARMINGTON UT 84025",
"FARMINGTON COFFEE SHOP","165 UNIVERSITY                FARMINGTON UT 84025",
"LEE'S MARKETPLACE","725 REDWOOD                NORTH SALT LAKE UT 84504",
"COSTA VIDA","501 2600 SOUTH                BOUNTIFUL UT 84010",
"COSTA VIDA","639 MARKETPLACE                CENTERVILLE UT 84014",
"STARBUCKS COFFEE #28132","616 2600 SOUTH                WOODS CROSS UT 84010",
"THE BIRD","2432 1700 SOUTH                SYRACUSE UT 84075",
"99 THAI FUSION RESTAURANT","768 1425 NORTH                LAYTON UT 84041",
"DEL TACO #1189","123 2000 WEST                WEST POINT UT 84015",
"KRISPY KREME #7930","968 MAIN                LAYTON UT 84041",
"SMITH'S FOOD & DRUG CENTERS #93","614 2600 South                WOODS CROSS UT 84010",
"SNOWY OWL SCHOOL HOUSE","845 400 EAST                BOUNTIFUL UT 84010",
"WINCO FOODS #139","200 FORT                LAYTON UT 84041",
"WEBER BASIN JOB CORPS","7400 CORNIA                OGDEN UT 84405",
"THE STOP","34 EAGLEGATE                NORTH SALT LAKE UT 84054",
"LITTLE CAESARS #065","283 FLINT                KAYSVILLE UT 84037",
"UTAH ATHLETIC CENTER","51 RIVERBEND                NORTH SALT LAKE UT 84054",
"PRETZELMAKER","915 FORBUSH                FARMINGTON UT 84025",
"LET THEM BE KIDS AND THE HANGOUT #2","872 1600 SOUTH                CLEARFIELD UT 84015",
"BRIDGE HOUSE","235 200 EAST                FARMINGTON UT 84025",
"LITTLE CAESARS #066","689 REDWOOD                NORTH SALT LAKE UT 84054",
"LAGOON AMUSEMENT PARK","375 LAGOON                FARMINGTON UT 84025",
"BURGER KING #23916","639 REDWOOD                NORTH SALT LAKE UT 84054",
"WINEGARS SUPERMARKETS","1080 300 NORTH                CLEARFIELD UT 84015",
"LITTLE CAESARS #067","2572 SOUTH WEBER                SOUTH WEBER UT 84405",
"BLACK BEAR DINER","310 GENTILE                LAYTON UT 84041",
"WINGSTOP #084","2065 HARRIS                LAYTON UT 84041",
"CAFE RIO MEXICAN GRILL","426 CABELA'S                FARMINGTON UT 84025",
"SPECTRUM ACADEMY STARS CAFETERIA (K-12)","520 CUTLER                NORTH SALT LAKE UT 84054",
"BURLY BURGER","2572 SOUTH WEBER                SOUTH WEBER UT 84405",
"CULVER'S OF WEST POINT","281 2000 WEST                WEST POINT UT 84015",
"EMPIRE CHINESE KITCHEN OF ZHOU","689 REDWOOD                NORTH SALT LAKE UT 84054",
"R & R BBQ","426 CABELAS                BLDG H                FARMINGTON UT 84025",
"MARCO'S PIZZA #6026","100 FORT                LAYTON UT 84041",
"CAFE ZUPAS LC","2600 WILDCAT                WOODS CROSS UT 84087",
"HOLIDAY OIL #61","525 REDWOOD                NORTH SALT LAKE UT 84054",
"BEANS & BREWS COFFEE HOUSE","100 FORT LANE                LAYTON UT 84041",
"JIMMY JOHN'S","306 650 NORTH BLDG J                CLEARFIELD UT 84015",
"SPECTRUM ACADEMY HIGH CAFETERIA","552 CUTLER                NORTH SALT LAKE UT 84054",
"DEL TACO #1234","585 REDWOOD                NORTH SALT LAKE UT 84054",
"LAYTON HOSPITAL CAFE","201 LAYTON                LAYTON UT 84041",
"THE SANDBAR","680 REDWOOD                NORTH SALT LAKE UT 84054",
"ALICE'S KITCHEN","94 400 WEST                NORTH SALT LAKE UT 84054",
"MOONSTRUCK CATERING","1981 MAIN                LAYTON UT 84041",
"SUNRIDGE ASSISTED LIVING OF LAYTON","835 ANGEL                LAYTON UT 84041",
"WHISPER COVE ASSISTED LIVING & MEMORY CARE","725 MAIN                KAYSVILLE UT 84037",
"B D CATERING","1068 350 SOUTH                SYRACUSE UT 84075",
"RITES UTAH","2465 MAIN                SUNSET UT 84015",
"BLACK BEAR DINER","2474 575 WEST                WOODS CROSS UT 84010",
"ZEPPE'S","2033 700 SOUTH                SYRACUSE UT 84075",
"HUG HES CAFE","330 MARKETPLACE                CENTERVILLE UT 84014",
"LA PUENTE RESTAURANT CENTERVILLE","116 PARISH                CENTERVILLE UT 84014",
"R&R BBQ","1085 US 89                NORTH SALT LAKE UT 84054",
"NORTH STAR CHILDREN'S CENTER","95 320 NORTH                KAYSVILLE UT 84037",
"CAFE RIO MEXICAN GRILL","185 2000 WEST                WEST POINT UT 84015",
"SODA CRAZY","1058 MAIN                LAYTON UT 84041",
"MARCOS PIZZA #6027","185 2000 WEST                WEST POINT UT 84015",
"BOUNTIFUL CULVER'S","620 500 WEST                BOUNTIFUL UT 84010",
"FAT FISH","595 2600 SOUTH                BOUNTIFUL UT 84010",
"OUR KITCHEN CAFE","985 REDWOOD                NORTH SALT LAKE UT 84054",
"RANCHERITO'S MEXICAN FOOD","343 FRONTAGE                CENTERVILLE UT 84014",
"SWIG N' SWEETS","165 500 WEST                BOUNTIFUL UT 84010",
"SWIG N' SWEETS","916 1700 SOUTH                CLEARFIELD UT 84015",
"SWIG N' SWEETS","1912 1800 NORTH                CLINTON UT 84015",
"GROUNDS FOR COFFEE","201 LAYTON                LAYTON UT 84041",
"JIMMY JOHNS","283 FLINT                KAYSVILLE UT 84037",
"HUHOT MONGOLIAN GRILL","842 MAIN                LAYTON UT 84041",
"CORNER 22 FOOD MART","2193 ORCHARD                BOUNTIFUL UT 84010",
"LITTLE TASTE OF BRITAIN","768 1425 NORTH                LAYTON UT 84040",
"TOWNE PLACE SUITES","1743 WOODLAND PARK                LAYTON UT 84041",
"EL DORADO, LLC","435 500 WEST                BOUNTIFUL UT 84010",
"DAKINE GRINDZ, LLC","2465 MAIN                SUNSET UT 84015",
"ZAO ASIAN CAFE","2533 WILDCAT                WOODS CROSS UT 84087",
"COSTA VIDA","1346 200 NORTH                KAYSVILLE UT 84037",
"LAGOON AMUSEMENT PARK","375 LAGOON                FARMINGTON UT 84025",
"SANTORINI'S GREEK GRILL","290 CENTRAL                FARMINGTON UT 84025",
"HOOK REEL","1508 WOODLAND PARK                LAYTON UT 84041",
"MONTICELLO ACADEMY CAFETERIA","3110 300 NORTH                WEST POINT UT 84015",
"BEAN'S COFFEE","772 700 SOUTH                CLEARFIELD UT 84015",
"SCOTT'S CATERING AND GRILL","3554 1550 NORTH                WEST POINT UT 84015",
"HELLO CHINA CUISINE","1933 2000 WEST                CLINTON UT 84015",
"TASTY'S DONUTS, LLC","612 MAIN                KAYSVILLE UT 84037",
"R.C. WILLEY HOME FURNISHINGS","2205 1400 WEST                LAYTON UT 84041",
"GROUNDS FOR COFFEE","2583 MAIN                SUNSET UT 84015",
"P.F. CHANG'S","905 WEST PROMONTORY                FARMINGTON UT 84023",
"EAGLEWOOD GOLF COURSE","1110 EAGLEWOOD                NORTH SALT LAKE UT 84054",
"7-ELEVEN STORE #38442A","282 1000 WEST                SYRACUSE UT 84075",
"NACHO MAMA - COMMONS PARK","403 WASATCH                LAYTON UT 84041",
"BASKIN ROBBINS","435 STATE                CLEARFIELD UT 84015",
"TARGET STORE T-1750 STARBUCKS","200 MARKET PLACE                CENTERVILLE UT 84014",
"LAGOON AMUSEMENT PARK","375 LAGOON                FARMINGTON UT 84025",
"MAVERIK, INC. #581","1000 700 SOUTH                CLEARFIELD UT 84015",
"7-ELEVEN STORE #32705C","976 1700 SOUTH                CLEARFIELD UT 84015",
"BLACKSMITH ICE CREAM CO.","180 MAIN                BOUNTIFUL UT 84010",
"SUBWAY","130 FAIRFIELD                LAYTON UT 84041",
"PIZZERIA LIMONE","71 500 WEST                BOUNTIFUL UT 84010",
"FIIZ DRINKS","2631 HILLFIELD                LAYTON UT 84041",
"CAFFE TORINO","58 MAIN                FARMINGTON UT 84025",
"MAVERIK, INC. #625","24 REDWOOD                NORTH SALT LAKE UT 84054",
"CUPBOP LAYTON, LLC","743 KING                LAYTON UT 84041",
"BARNES & NOBLE BOOKSELLERS #3329","238 UNION                FARMINGTON UT 84025",
"BRIDGE HOUSE","221 200 EAST                FARMINGTON UT 84025",
"CREEKSIDE SENIOR LIVING","430 400 NORTH                BOUNTIFUL UT 84010",
"DOMINO'S","627 MARKETPLACE                CENTERVILLE UT 84014",
"SUBWAY #4060","324 MAIN                KAYSVILLE UT 84037",
"MO' BETTAHS","240 FORT                LAYTON UT 84041",
"SOUTH WEBER ASSISTED LIVING","6980 475 EAST                SOUTH WEBER UT 84405",
"SWIG","260 FORT                LAYTON UT 84041",
"OAK HILLS RECEPTION & EVENT CENTER","2621 OAK HILLS                LAYTON UT 84040",
"WELLER'S BISTRO","197 MAIN                LAYTON UT 84041",
"FAIRFIELD INN & SUITES","1740 HERITAGE PARK                LAYTON UT 84041",
"LA PUENTE OGDEN","955 400 WEST                LAYTON UT 84041",
"SHORELINE JR. HIGH CAFETERIA","1150 WESTSIDE                LAYTON UT 84041",
"CHINESE KITCHEN LAYTON, INC.","1310 HIGHWAY 193                LAYTON UT 84040",
"SPEEDWAY #9416","1724 ANTELOPE                LAYTON UT 84041",
"KOOL KIDZ","928 1800 NORTH                CLINTON UT 84015",
"PAD THAI CUISINE","1986 HILLFIELD                LAYTON UT 84041",
"TRU BY HILTON","640 FALCON HILL                CLEARFIELD UT 84056",
"THE OLIVE GARDEN ITALIAN RESTAURANT #6449","27 500 WEST                WEST BOUNTIFUL UT 84010",
"CUBBY'S","570 500 SOUTH                WEST BOUNTIFUL UT 84087",
"CLINTON TACO TIME","1776 2000 WEST                CLINTON UT 84015",
"LA CHOI'S NOODLE PARLOR","325 STATE                CLEARFIELD UT 84015",
"ZAO ASIAN CAFE","1026 PARK                FARMINGTON UT 84025",
"JERSEY MIKE'S SUBS","260 FORT                LAYTON UT 84041",
"GREEK PALACE","2070 LAYTON HILL MALL                LAYTON UT 84041",
"GOOD NUTRITION, LLC","1095 MAIN                LAYTON UT 84041",
"SCRAMBLED!","2151 HILLFIELD                LAYTON UT 84041",
"RJ GRILL, LLC","571 2600 SOUTH                BOUNTIFUL UT 84010",
"CHUCK-A-RAMA","212 500 WEST                BOUNTIFUL UT 84010",
"TUCANOS BRAZILIAN GRILL","265 WEST PROMONTORY                FARMINGTON UT 84025",
"SUMMIT FOOD SERVICE","800 STATE                FARMINGTON UT 84025",
"TATAKI SUSHI RESTAURANT","1917 1800 NORTH                CLINTON UT 84015",
"CAFE RIO MEXICAN GRILL","550 500                West Bountiful UT 84010",
"SOUTHGATE TAVERN","2981 350 WEST                LAYTON UT 84041",
"DUTCH BROS COFFEE","250 PARRISH                CENTERVILLE UT 84014",
"LEGER'S DELI","120 REDWOOD                NORTH SALT LAKE UT 84054",
"SYRACUSE FIIZ","1642 2000 WEST                SYRACUSE UT 84075",
"CHONCHI'S TACO SHOP,LLC","1324 HIGHWAY 89                FARMINGTON UT 84025",
"POPS SINCLAIR","1972 700 SOUTH                CLEARFIELD UT 84015",
"BUDDHA BELLY CHINESE","66 MAIN                KAYSVILLE UT 84037",
"KIM LONG GOURMET CUISINE","1664 WOODLAND PARK                LAYTON UT 84015",
"ANNIE'S CREPES AND CAKES CAFE","74 500                Bountiful UT 84010",
"COVINGTON SENIOR LIVING OF FARMINGTON","430 150 WEST                FARMINGTON UT 84025",
"LITTLE TIGER ACADEMY","781 GORDON                LAYTON UT 84040",
"SUNBURST ELEMENTARY","2504 SUNBURST                LAYTON UT 84041",
"ELDREDGE MANOR","564 400 NORTH                BOUNTIFUL UT 84010",
"CENTRO DE LA FAMILIA","844 2000 WEST                CLINTON UT 84015",
"NIKKO SUSHI & RAMEN","242 300 WEST                KAYSVILLE UT 84037",
"OISHI JAPAN CUISINE INC.","1201 HILL FIELD                LAYTON UT 84041",
"SANTORINI'S GREEK GRILL","135 500 WEST                WEST BOUNTIFUL UT 84087",
"PHILADELPHIA SUB SHOP 1982","189 STATE                CLEARFIELD UT 84015",
"Z BROTHERS PIZZA","260 FORT                LAYTON UT 84041",
"7-ELEVEN STORE #38552A","1285 MAIN                LAYTON UT 84041",
"OAK RIDGE ASSISTED LIVING OF BOUNTIFUL","905 4000 SOUTH                BOUNTIFUL UT 84010",
"HANDEL'S LAYTON","240 FORT                LAYTON UT 84041",
"013 BOUNTIFUL LLC. DBA KNEADERS","1050 500 EAST                NORTH SALT LAKE UT 84054",
"015 LAYTON, LLC. DBA KNEADERS","480 ANTELOPE                LAYTON UT 84041",
"048 KAYSVILLE LLC DBA KNEADERS","1324 200 NORTH                KAYSVILLE UT 84037",
"BEANS & BREWS COFFEE HOUSE","1422 3000 NORTH                LAYTON UT 84040",
"BEANS & BREWS COFFEE HOUSE #510","410 500 WEST                WEST BOUNTIFUL UT 84010",
"CAFE RIO MEXICAN GRILL","2440 HIGHWAY 89                WOODS CROSS UT 84087",
"CATALYST CENTER","1265 SPORTSPLEX                KAYSVILLE UT 84037",
"TEA'S MEMORY","210 WEST PROMONTORY                FARMINGTON UT 84025",
"HANGRY DOG","289 1260 NORTH                SUNSET UT 84015",
"7-ELEVEN STORE #22099C","1515 500 WEST                WOODS CROSS UT 84087",
"TAIYAKI SWEET","1625 1000 WEST                CLEARFIELD UT 84015",
"MONGOLIAN GRILL","763 ANTELOPE                LAYTON UT 84041",
"LAST CHANCE STORE #11","855 MAIN STREET                LAYTON UT 84041",
"CARL'S JR #9","925 ANTELOPE                LAYTON UT 84041",
"CARL'S JR #312","582 MAIN                CLEARFIELD UT 84015",
"CARL'S JR #335","2118 1700 SOUTH                SYRACUSE UT 84075",
"CARL'S JR #380","195 500 SOUTH                BOUNTIFUL UT 84010",
"CARL'S JR #473","1868 1800 NORTH                CLINTON UT 84015",
"THAI IN TOWN","273 500 SOUTH                BOUNTIFUL UT 84010",
"LITTLE CAESAR'S","1422 STATE ST. HWY 193                LAYTON UT 84041",
"WENDY'S #6051","210 500 SOUTH                BOUNTIFUL UT 84010",
"WENDY'S #6053","363 MARKET PLACE                CENTERVILLE UT 84014",
"WENDY'S #6054","1350 STATE                CLEARFIELD UT 84015",
"WENDY'S #6055","1903 2000 WEST                CLINTON UT 84015",
"WENDY'S #6061","353 200 NORTH                KAYSVILLE UT 84037",
"WENDY'S #6062","1105 400 WEST                LAYTON UT 84041",
"WENDY'S #6063","1344 HIGHWAY 193                LAYTON UT 84040",
"WENDY'S #6069","1005 500 EAST                NORTH SALT LAKE UT 84054",
"WENDY'S #6106","1044 PARK                FARMINGTON UT 84025",
"7-ELEVEN STORE #33981B","425 700 WEST                CENTERVILLE UT 84014",
"BLACK RIFLE COFFEE COMPANY","510 ANTELOPE                LAYTON UT 84041",
"DING TEA BOUNTIFUL","175 500 WEST                WEST BOUNTIFUL UT 84010",
"MARCO'S PIZZA#6048","55 2200 SOUTH                BOUNTIFUL UT 84010",
"SPANKY'S DELI","579 2600 SOUTH                BOUNTIFUL UT 84010",
"SMITH'S FOOD & DRUG CENTERS #135","1316 HWY. 89                FARMINGTON UT 84025",
"COLD STONE - CLINTON","1917 1800 NORTH                CLINTON UT 84015",
"COLD STONE - LAYTON","936 MAIN                LAYTON UT 84041",
"GRILL AT SUN HILLS, THE","3185 Hills                LAYTON UT 84041",
"Q ONE BBQ & NOODLES","1201 HILLFIELD                LAYTON UT 84041",
"THE ABBINGTON AT LAYTON SENIOR LIVING","350 100 WEST                LAYTON UT 84041",
"ZAO ASIAN CAFE","2058 HARRIS                LAYTON UT 84041",
"RICOS TACOS LAYTON","2971 Hillfield                LAYTON UT 84041",
"KOKONUT ISLAND GRILL","470 1100 NORTH                NORTH SALT LAKE UT 84054",
"LOUIE'S PIZZERIA","1095 MAIN                LAYTON UT 84041",
"ON MY WAY","1387 1800 NORTH                CLINTON UT 84015",
"SPLIT LEAF COFFEE","37 MAIN                BOUNTIFUL UT 84010",
"HOLIDAY OIL","1318 2000 WEST                CLINTON UT 84015",
"THIRST DRINKS","1545 MAIN                BOUNTIFUL UT 84010",
"THAI JASMINE RESTAURANT, LLC.","1662 2000 WEST                SYRACUSE UT 84075",
"FIIZ DRINKS","2212 1800 NORTH                CLINTON UT 84015",
"STARBUCKS COFFEE #65860","1043 ANTELOPE                SYRACUSE UT 84075",
"FIREHOUSE SUBS1963","2151 HILL FIELD                LAYTON UT 84041",
"DUTCH BROS COFFEE","475 MAIN                LAYTON UT 84041",
"FIREHOUSE SUBS 1821","490 1100 north                NORTH SALT LAKE UT 84054",
"SUBWAY","455 500 WEST                BOUNTIFUL UT 84010",
"BOUNTIFUL GREEK CAFE #1","1025 500 WEST                BOUNTIFUL UT 84010",
"SMART START LEARNING CENTER","805 700 SOUTH                CLEARFIELD UT 84015",
"PLATED DREAMS","2468 HIGHWAY 89                WOODS CROSS UT 84087",
"BEEHIVE HOMES OF SYRACUSE","1407 2000 WEST                SYRACUSE UT 84075",
"NACHO HOUSE, 1 LLC","15 HIGHWAY 89                NORTH SALT LAKE UT 84054",
"WTHAICHEF, LLC.","237 200 NORTH                KAYSVILLE UT 84037",
"RAISING CANE'S CHICKEN FINGERS","694 ANTELOPE                LAYTON UT 8441",
"THE COOP BY ROOSTERS","748 HERITAGE PARK                LAYTON UT 84041",
"7-ELEVEN STORE #33986B","385 200 NORTH                KAYSVILLE UT 84037",
"DAVID'S PIZZA DELIVERY INC.","253 200 NORTH                KAYSVILLE UT 84037",
"CHIPOTLE MEXICAN GRILL","370 PARRISH                CENTERVILLE UT 84014",
"RAMEN HAUS","1060 PARK                FARMINGTON UT 84025",
"EL POLLO LOCO #3894","2028 MAIN                LAYTON UT 84041",
"ZEPPE'S LAYTON","2131 HILLFIELD                LAYTON UT 84041",
"JERSEY MIKE'S SUBS","1737 2000 WEST                CLINTON UT 84015",
"PLAY2LEARN ACADEMY","70 STATE                CLEARFIELD UT 84015",
"BOUNTIFUL RIDGE CAFE","2430 BOUNTIFUL                BOUNTIFUL UT 84010",
"MAVERIK INC. #705","1904 1700 SOUTH                SYRACUSE UT 84075",
"HOLIDAY OIL","3000 300 NORTH                WEST POINT UT 84015",
"HOLIDAY OIL #76","975 1700 SOUTH                CLEARFIELD UT 84015",
"WINGSTOP #52206","1917 1800 NORTH                CLINTON UT 84015",
"STOCKMAN'S BAR","80 MAIN                LAYTON UT 84041",
"NEW SUSHI BURRITO IN LAYTON","2672 HILL FIELD                LAYTON UT 84041",
"POKI BOWL","570 500 SOUTH                BOUNTIFUL UT 84010",
"AUBERGINE KITCHEN","null PARK WEST                FARMINGTON UT 84025",
"CAFE ZUPAS","2068 1700 SOUTH                SYRACUSE UT 84075",
"WAFFLE LOVE FARMINGTON","1076 PARK                FARMINGTON UT 84025",
"THE CREPERY","1863 700 SOUTH                SYRACUSE UT 84075",
"VESSEL KITCHEN","320 CENTRAL                FARMINGTON UT 84025",
"BLACK BOW CHOCOLATES","13 CENTER                KAYSVILLE UT 84037",
"ARGENTINE CORNER RESTAURANT","69 MAIN                CLEARFIELD UT 84015",
"MO'BETTAHS","1076 PARK                FARMINGTON UT 84025",
"DUTCH BROS COFFEE","1131 100 NORTH                FARMINGTON UT 84025",
"PAR 5 GRILL, LLC","2501 GENTILE                LAYTON UT 84040",
"TACO TIME","170 MAIN                KAYSVILLE UT 84037",
"RANCHO MARKETS","580 STATE                CLEARFIELD UT 84015",
"RANCHO MARKETS - ICE CREAM SHOP","580 STATE                CLEARFIELD UT 84015",
"CHIPOTLE MEXICAN GRILL #4291","138 1100 WEST                FARMINGTON UT 84025",
"MI RANCHITO TAQUERIA","1813 MAIN                SUNSET UT 84015",
"HAMPTON INN SALT LAKE CITY/LAYTON","1700 WOODLAND PARK                LAYTON UT 84041",
"HOLIDAY INN LAYTON","1695 WOODLAND PARK                LAYTON UT 84041",
"NSFM PIZZA INC. - DBA DOMINOS","2058 1700 SOUTH                SYRACUSE UT 84075",
"NSFM PIZZA INC. -  DBA DOMINOS","189 US-89                NORTH SALT LAKE UT 84054",
"NSFM PIZZA INC. -  DBA DOMINOS","1776 2000 WEST                CLINTON UT 84015",
"NSFM PIZZA INC. - DBA DOMINOS","1596 HILL FIELD                LAYTON UT 84041",
"DOMINO'S","1171 500 WEST                BOUNTIFUL UT 84010",
"DOMINO'S","208 200                KAYSVILLE UT 84037",
"TERIYAKI GRILL","210 FORT                LAYTON UT 84041",
"PENNY ANN'S CAFE","234 500 WEST                WEST BOUNTIFUL UT 84087",
"EXPRESS MART SLC","15 HWY 89                NORTH SALT LAKE UT 84054",
"ICHIRO RAMEN HOUSE","135 500 WEST                WEST BOUNTIFUL UT 84010",
"FIIZ DRINKS","1346 200 NORTH                KAYSVILLE UT 84037",
"FIIZ DRINKS","315 MAIN                KAYSVILLE UT 84037",
"J'S CHEESECAKES","2587 GORDON                LAYTON UT 84041",
"NUMBER ONE THAI FUSION","575 500 SOUTH                BOUNTIFUL UT 84010",
"7-ELEVEN STORE #38710A","405 LAYTON                LAYTON UT 84041",
"JACK IN THE BOX #1316","1726 BLUFF RIDGE                SYRACUSE UT 84075",
"CHERYLS BAGELS","273 500 SOUTH                BOUNTIFUL UT 84011",
"DAIRY QUEEN","1142 HWY 193                LAYTON UT 84041",
"JERSEY MIKES SUBS","2065 HARRIS                LAYTON UT 84041",
"LIVING SPACES","1400 700 SOUTH                CLEARFIELD UT 84015",
"S&A CATERING","181 MAIN                CENTERVILLE UT 84014",
"EL PALMAR MEXICAN RESTAURANT","2432 1700 SOUTH                SYRACUSE UT 84075",
"SODALICIOUS","2532 WEBER                SOUTH WEBER UT 84405",
"STIKKI ENTERPRISES / DBA SABONE KITCHEN","1268 500 WEST                WOODS CROSS UT 84087",
"JERSEY MIKES","817 1700                Syracuse UT 84075",
"JET'S PIZZA OF SYRACUSE","817 1700 SOUTH                SYRACUSE UT 84075",
"SUBWAY","588 2600 SOUTH                BOUNTIFUL UT 84010",
"TI AMO WOOD FIRED PIZZA","515 2600 SOUTH                BOUNTIFUL UT 84010",
"POSTRE CAFE","70 FAIRFIELD                LAYTON UT 84041",
"TACO BELL #38835","313 400 WEST                KAYSVILLE UT 84037",
"CIRCLE INN PIZZERIA","1060 300 ROTH                CLEARFIELD UT 84015",
"CHICK-FIL-A ANTELOPE","651 ANTELOPE                LAYTON UT 84040",
"FARMINGTON CITY FOUR PLEX","178 650 W                FARMINGTON UT 84025",
"SALSA'S CAFE, LLC","890 550 WEST                NORTH SALT LAKE UT 84054",
"CHIPOTLE MEXICAN GRILL #4833","1975 1700 SOUTH                SYRACUSE UT 84075",
"BURGER STOP","323 GENTILE                LAYTON UT 84041",
"OL'SKOOL","1588 2000 WEST                SYRACUSE UT 84075",
"SCOOTER'S COFFEE","688 700 SOUTH                CLEARFIELD UT 84015",
"IN-N-OUT BURGER,INC","1977 1200 WEST                LAYTON UT 84041",
"THE BEAUMONT","1150 MAIN                BOUNTIFUL UT 84010",
"WAFFLE STOP & AUTHENTIC SALVADOREAN CAFE","2107 1700 SOUTH                SYRACUSE UT 84075",
"FAST STOP 1110","845 HWY 193                LAYTON UT 84041",
"FAST STOP 1112/SUBWAY","1034 GENTILE                LAYTON UT 84041",
"FAST STOP 1111/SUBWAY","1716 MAIN                CLEARFIELD UT 84015",
"BOARDWALK PEDIATRIC DENTAL","1195 PARK LANE                FARMINGTON UT 84025",
"FAST STOP 1128","33 1100 NORTH                NORTH SALT LAKE UT 84054",
"JACK IN THE BOX #1318","2016 MAIN                LAYTON UT 84041",
"DAILY RISE CENTERVILLE","547 FRONTAGE                CENTERVILLE UT 84014",
"THE ORANGE PEEL","559 DESERET                KAYSVILLE UT 84037",
"SEOUL KOREAN RESTAURANT","2625 HILLFIELD                LAYTON UT 84040",
"WINGSTOP #52552","260 FORT                LAYTON UT 84041",
"LEGACY PREPARATORY ACADEMY (7-9)","1228 2185 SOUTH                WOODS CROSS UT 84087",
"THE DIAMOND TREE, LLC","845 200 NORTH                KAYSVILLE UT 84037",
"ABC BRAVO CLEARFIELD, LLC","620 1700                Clearfield UT 84015",
"BURLY BURGER","2141 HILLFIELD                LAYTON UT 84041",
"HAPPY FRUIT MAYITOS","90 MAIN                LAYTON UT 84041",
"DAIRY QUEEN","527 700 WEST                WOODS CROSS UT 84087",
"LITTLE CAESARS PIZZA","1050 SHEPARD                FARMINGTON UT 84025",
"COMFORT INN & SUITES","2437 WILDCAT                WOODS CROSS UT 84010",
"MELTY WAY","1201 HILLFIELD                LAYTON UT 84041",
"EXTRA MILE #246","742 2600 SOUTH                WOODS CROSS UT 84087",
"THE SPANGLISH MEXICAN RESTAURANT","2146 MAIN                LAYTON UT 84041",
"SAVORY SWIG STORES, LLC","330 MARKET                CENTERVILLE UT 84014",
"ATLANTIS BURGER","10 HIGHWAY 89                NORTH SALT LAKE UT 84054",
"BC CHICKEN 6B, LLC","20 MAIN                KAYSVILLE UT 84037",
"FRESH SUSHI & BOBA TEA","3391 ORCHARD                BOUNTIFUL UT 84010",
"BIG SAI'S HAWAIIN BBQ","2672 HILL FIELD                LAYTON UT 84041",
"CHINA HILL","2704 HILLFIELD                LAYTON UT 84041",
"DARCIE'S LEARNING CENTER","2179 1800 NORTH                CLINTON UT 84015",
"ONE NOODLE BAR","761 REDWOOD                NORTH SALT LAKE UT 84054",
"ZION INTERMEDIATE CARE INC.","340 100 WEST                BOUNTIFUL UT 84010",
"THURGOOD CREAMERY","2432 1700 SOUTH                SYRACUSE UT 84075",
"SUBWAY","282 PARRISH                CENTERVILLE UT 84014",
"SUBWAY","1724 ANTELOPE                LAYTON UT 84014",
"DUTCH BROS COFFEE","2652 2000 WEST                CLINTON UT 84015",
"BARTOLO'S STATION PARK","895 EAST PROMONTORY                FARMINGTON UT 84025",
"SUNFLOWER RIDGE ASSISTED LIVING, LLC","71 CENTER                CENTERVILLE UT 84014",
"SUNFLOWER RIDGE ASSISTED LIVING, LLC","41 CENTER                CENTERVILLE UT 84014",
"BOUNTIFUL NUTRITION","273 500                Bountiful UT 84010",
"SALSA'S CATERING, LLC","890 550 WEST                NORTH SALT LAKE UT 84054",
"DUTCH BROS COFFEE #UT0707","729 MAIN                CLEARFIELD UT 84015",
"COMMON GROUND COMMISSARY","1564 HILLFIELD                LAYTON UT 84041",
"WEDGIES","2212 1800 NORTH                CLINTON UT 84015",
"CHIPOTLE MEXICAN GRILL #4908","2654 2000 WEST                CLINTON UT 84015",
"TWISTED SUGAR","185 2000 WEST                WEST POINT UT 84015",
"ALLY'S PIZZA","1296 300 NORTH                CLEARFIELD UT 84015",
"WESTSIDE PIZZA","1330 HIGHWAY 193                LAYTON UT 84040",
"EVERBOWL","256 UNIVERSITY                FARMINGTON UT 84025",
"THE SMOKED TACO","245 500 SOUTH                BOUNTIFUL UT 84010",
"7 BROTHERS","1060 PARK                FARMINGTON UT 84025",
"FIIZ DRINKS","761 REDWOOD                NORTH SALT LAKE UT 84054",
"MAK MAK KHA SOI","353 MAIN                BOUNTIFUL UT 84010",
"MONUMENT HEALTH BOUNTIFUL","460 2600 SOUTH                BOUNTIFUL UT 84010",
"CUPBOP BOUNTIFUL","325 500 WEST                BOUNTIFUL UT 84010",
"STARBUCKS COFFEE CO.","290 ORCHARD                NORTH SALT LAKE UT 84054",
"FATCATS CLINTON","2062 1800 NORTH                CLINTON UT 84015",
"BASKIN ROBBINS","1076 PARK                FARMINGTON UT 84025",
"MO' BETTAHS","2654 2000 WEST                CLINTON UT 84015",
"ICEBERG DRIVE INN","1792 2000 WEST                SYRACUSE UT 84075",
"SOUTH DAVIS SPECIALTY CARE","481 400 EAST                BOUNTIFUL UT 84010",
"COUNTRY CARE I","513 950 WEST                FARMINGTON UT 84025",
"COUNTRY CARE II","533 950 WEST                FARMINGTON UT 84025",
"THE CRAZY  TACO","442 MAIN                CLEARFIELD UT 84015",
"COUNTRY HOME ASSISTED LIVING","565 MEDICAL                BOUNTIFUL UT 84010",
"WINGSTOP","618 2600 SOUTH                WOODS CROSS UT 84087",
"CRISPY CONES","2086 Harris                Layton UT 84041",
"CULVER'S OF LAYTON","340 GENTILE                LAYTON UT 84041",
"OMBU LAYTON","1120 MAIN                LAYTON UT 84041",
"FRIENDS FOOD & GAS #3","1971 Hill Field                Layton UT 84041",
"PAR 5 GRILL, LLC","1201 HILLFIELD                LAYTON UT 84041",
"WETZELS PRETZELS","1632 2000 WEST                CLINTON UT 84015",
"JACK IN THE BOX","650 FALCON HILLS                CLEARFIELD UT 8415",
"TWISTED SUGAR","377 Gentile                Layton UT 84041",
"TWISTED SUGAR","25 Parrish                Centerville UT 84014",
"BERRY STATION","283 Flint                Kaysville UT 84037",
"BIG DADDY'S PIZZA","275 200 NORTH                KAYSVILLE UT 84037",
"PATTY SHACK","2056 HILL FIELD                LAYTON UT 84041",
"RANCHERITO'S MEXICAN FOOD","2471 WILDCAT                WOODS CROSS UT 84087",
"NEW KIM KOREAN HOUSE & SUSHI BAR","1625 1000 WEST                CLEARFIELD UT 84015",
"GRAHAM & OLIVE CULINARY","1814 SILVERWOOD                FARMINGTON UT 84025",
"DON JUAN TACOS","2228 1700 SOUTH                SYRACUSE UT 84075",
