license_number,dba,business_name,street,naics,naics_desc,description,status
0481073,PAPA JOHN'S PIZZA #2368,PAPA JOHN'S PIZZA #2368,1258 N WASHINGTON BLVD,7225,Restaurants and Other Eating Places,TAKE OUT PIZZA & DELIVERY,Active
GBL001691-07-2020,Marco's Pizza 6041,MPUT 6041 LLC,114 N WASHINGTON BLVD,7225,Restaurants and Other Eating Places,Carryout / Delivery Pizza Restaurant,Active
1017034,STEINYS FAMILY SPORTS GRILL,CURVEBALL INC,119 N 600 W,7225,Restaurants and Other Eating Places,Restaurant w/Beer & Wine,Active
1017034,STEINYS FAMILY SPORTS GRILL,CURVEBALL INC,119 N 600 W,7225,Restaurants and Other Eating Places,Restaurant w/Beer & Wine,Active
1017034,STEINYS FAMILY SPORTS GRILL,CURVEBALL INC,119 N 600 W,7225,Restaurants and Other Eating Places,Restaurant w/Beer & Wine,Active
1017034,STEINYS FAMILY SPORTS GRILL,CURVEBALL INC,119 N 600 W,7225,Restaurants and Other Eating Places,Restaurant w/Beer & Wine,Active
1017034,STEINYS FAMILY SPORTS GRILL,CURVEBALL INC,119 N 600 W,7225,Restaurants and Other Eating Places,Restaurant w/Beer & Wine,Active
1017034,STEINYS FAMILY SPORTS GRILL,CURVEBALL INC,119 N 600 W,7225,Restaurants and Other Eating Places,Restaurant w/Beer & Wine,Active
1005049,THE DRAGON RESTAURANT,THE DRAGON RESTAURANT,303 WASHINGTON BLVD,7225,Restaurants and Other Eating Places,CHINESE RESTAURANT,Active
1025440,CHICK-FIL-A AT OGDEN FSU,BART NORMAN LLC,1120 WASHINGTON BLVD,7225,Restaurants and Other Eating Places,Chick-Fil-A Restaurant,Active
1022491,LOLO HAWAIIAN BBQ INC,LOLO HAWAIIAN BBQ INC,310 12TH ST,7225,Restaurants and Other Eating Places,HAWAIIAN RESTAURANT. QUICK SERVICE,Active
1025838,ARCTIC CIRCLE RESTAURANTS INC,"Arctic Circle Restaurants, Inc.",325 WASHINGTON BLVD,7225,Restaurants and Other Eating Places,QUICK SERVICE RESTAURANT WITH DRIVE-THROUGH.,Active
1021553,MARIA'S SNACK SHOP LLC,"GONZALEZ, MARIA D",1036 CENTURY DR,7225,Restaurants and Other Eating Places,Retail Sales of Snacks & Drinks inside Ogden Indoor Soccer,Active
1000702,DEL TACO #271,DEL TACO #271,1160 WALL AVE,7225,Restaurants and Other Eating Places,"MEXICAN FAST FOOD, OPEN 24 HOURS A DAY.",Active
1017127,ROCK BOTTOM LOUNGE,J & C Inc,317 WASHINGTON BLVD,7224,Drinking Places (Alcholic Beverages),Social Club/Rest/D Beer/Liquor/Cabaret,Active
1024259,BLACK BEAR DINER - OGDEN,BEAR TRACKS HOLDINGS LLC,366 12TH ST,7225,Restaurants and Other Eating Places,RESTAURANT / DINER,Active
GBL002894-09-2021,Wendy's #6071,Wend Salt Lake City LLC,1176 WASHINGTON BLVD,7225,Restaurants and Other Eating Places,Fast Food Restaurant,Active
1002373,GOLDEN CORRAL,GOLDEN CORRAL,988 WASHINGTON BLVD,7225,Restaurants and Other Eating Places,RESTAURANT,Active
1021940,BURGER KING #4609,HB Boys LC,361 2ND ST,7225,Restaurants and Other Eating Places,Fast Food Restaurant,Active
1013794,OGDEN PIZZERIA,OGDEN PIZZERIA INC,936 WASHINGTON BLVD,7225,Restaurants and Other Eating Places,Pizza & Pasta Restaurant,Active
1021255,STARBUCKS COFFEE COMPANY,STARBUCKS CORPORATION INC,1135 WASHINGTON BLVD,7225,Restaurants and Other Eating Places,CAFE- SELLING COFFEE AND COFFEE RELATED PRODUCTS,Active
GBL000685-06-2019,Jersey Mike's Subs,Nu Subs LLC,218 12TH ST,7225,Restaurants and Other Eating Places,Submarine Style Sandwich Shop,Active
ALCOHOL002293-02-2021,EL PAISA GRILL,EL PAISA GRILL GROUP FRANCHISE LLC,460 W 12TH ST,7225,Restaurants and Other Eating Places,"Mexican Restuarant w/ Beer, Wine & Liquor",Active
1023380,JAVIERS 3 LLC,JAVIERS 3 LLC,703 WASHINGTON BLVD,7225,Restaurants and Other Eating Places,MEXICAN RESTAURANT,Active
GBL002583-05-2021,Carl's Jr,Snow Star LP,180 12TH ST,7225,Restaurants and Other Eating Places,Fast Food Restaurant,Active
0305121,FRATERNAL ORDER OF EAGLES 2472,FRATERNAL ORDER OF EAGLES 2472,975 WALL AVE,7224,Drinking Places (Alcholic Beverages),"PRIVATE CLUB - D Beer, Wine, Liquor & Cabaret",Active
0162210,MCDONALD'S,MCDONALD'S,1111 WASHINGTON BLVD,7225,Restaurants and Other Eating Places,Fast Food Restaurant,Active
1022778,PIZZA HUT # 22545,WASATCH VALLEY PIZZA LLC,205 WASHINGTON BLVD,7225,Restaurants and Other Eating Places,Pizza Restaurant - Delivery & Carry Out ONLY,Active
0555318,DAR'S,DAR'S,240 WASHINGTON BLVD,7224,Drinking Places (Alcholic Beverages),"PRIVATE CLUB w/Beer, Wine & Liquor",Active
GBL000026-11-2018,Baskin-Robbins 1166 Washington,Kiwi Scoops LLC,1188 WASHINGTON BLVD,7225,Restaurants and Other Eating Places,Selling Ice Cream and Ice Cream Products,Active
GBL003100-11-2021,My Tacoland LLC,My Tacoland LLC,788 WALL AVE,7225,Restaurants and Other Eating Places,Mexican Restaurant with Taco Truck,Active
1025837,ROCKY MOUNTAIN BURGER BUS LLC,Rocky Mountain Burger Bus LLC,671 MONROE BLVD,7223,Special Food Services,MOBILE FOOD TRUCK. COOK FOOD ON SITE. COMMISSARY / COMMERCIAL KITCHEN @ 671 MONROE BLVD. BUS-TRUCK STORED @ BUSINESS ADDRESS.,Active
GBL001166-01-2020,Carnitas El Casito LLC,Carnitas El Casito LLC,675 MONROE BLVD,7225,Restaurants and Other Eating Places,Fast Food Mexican Restaurant,Active
GBL003100-11-2021,My Tacoland LLC,My Tacoland LLC,788 WALL AVE,7225,Restaurants and Other Eating Places,Mexican Restaurant with Taco Truck,Active
1019354,OHANA SUSHI & ASIAN CUISINE,WONG FAMILY LLC,476 12TH ST,7225,Restaurants and Other Eating Places,Restaurant w/Beer & Wine,Active
1002375,PANDA EXPRESS #820,PANDA EXPRESS #820,206 12TH ST,7225,Restaurants and Other Eating Places,CHINESE FOOD RESTAURANT,Active
1002375,PANDA EXPRESS #820,PANDA EXPRESS #820,206 12TH ST,7225,Restaurants and Other Eating Places,CHINESE FOOD RESTAURANT,Active
GBL000443-04-2019,Ruan Thai Restaurant,Water Pots LLC,215 W 12TH ST,7225,Restaurants and Other Eating Places,Thai Restaurant,Active
1020770,THOMAS CUISINE MANAGEMENT CORPORATION,THOMAS CUISINE MANAGEMENT CORPORATION,475 W 13TH ST,7225,Restaurants and Other Eating Places,Contract Food Service Inside Fresenius Corporate Office,Active
1025657,TALISMAN BREWING COMPANY LLC,TALISMAN BREWING COMPANY LLC,1258 GIBSON AVE,7224,Drinking Places (Alcholic Beverages),Tavern - North West Corner of Brewery Building,Active
1026099,BEANS & BREWS COFFEE HOUSE,ARABICA LLC,1275 WALL AVE,7225,Restaurants and Other Eating Places,SPECIALTY COFFEE HOUSE,Active
1026137,CAFE ZUPAS LC,CAFE ZUPAS LC,1293 WALL AVE,7225,Restaurants and Other Eating Places,FAST CASUAL RESTAURANT,Active
1021389,ZAXBY'S,MJM 5G LLC,141 W 12TH ST,7225,Restaurants and Other Eating Places,Fast Food / Casual Restaurant,Active
1026238,LITTLE CAESARS #032,SIZZLING CAESARS LLC,1287 WALL AVE,7225,Restaurants and Other Eating Places,"FAST FOOD, TAKE- OUT PIZZA",Active
GBL000765-07-2019,Freddy's Frozen Custard & Steakburgers,Ogden Custard LLC,235 12TH ST,7225,Restaurants and Other Eating Places,Dine in Restaurant - Frozen Custard & Steakburgers with a Drive Thru Option,Active
1024314,SUBWAY 4150,GROW & YANG PJ LLC,147 12TH ST,7225,Restaurants and Other Eating Places,SUBWAY SANDWICHES,Active
GBL002571-04-2021,The Habit Burger Grill,The Habit Restaurants LLC,335 12TH ST,7225,Restaurants and Other Eating Places,Fast Food Restaurant,Active
GBL002062-12-2020,Kneaders Bakery & Cafe 022,O22 Ogden LLC,1953 WASHINGTON BLVD,7225,Restaurants and Other Eating Places,Bakery & Cafe,Active
1023339,PRAIRIE SCHOONER RESTAURANT & STEAK HOUSE,NEW SHERIFF LLC,445 PARK BLVD,7225,Restaurants and Other Eating Places,"Steak House Restaurant w/Beer, Wine & Liquor",Active
0477404,K F C,HARMAN - LES & ILEENE INC #504,1216 GRANT AVE,7225,Restaurants and Other Eating Places,KENTUCKY FRIED CHICKEN AND A & W ROOTBEER,Active
1025696,THE RUSTED SPOON INC,THE RUSTED SPOON INC,1310 WALL AVE,7225,Restaurants and Other Eating Places,FULL SERVICE RESTARUANT- NO ALCOHOL,Active
1012055,MAPLE EXPRESS,MAPLE EXPRESS,475 12TH ST,7225,Restaurants and Other Eating Places,CHINESE RESTURANT,Active
1019327,IHOP 1738,PEAK RESTAURANTS LLC,189 12TH ST,7225,Restaurants and Other Eating Places,"FAMILY RESTAURANT,  OPEN 24 HRS.",Active
1001866,DYLAN'S DRIVE IN,DYLAN'S DRIVE IN,981 12TH ST,7225,Restaurants and Other Eating Places,"FAST FOOD, MILK SHAKES",Active
GBL003535-04-2022,Chipotle Mexican Grill #4174,Chipotle Mexican Grill,1269 WASHINGTON BLVD,7225,Restaurants and Other Eating Places,Mexican Restaurant,Active
0999218,TIMBERMINE STEAKHOUSE,TIMBERMINE STEAKHOUSE,1701 PARK BLVD,7225,Restaurants and Other Eating Places,RESTAURANT WITH  B BEER/ LIQUOR/ WINE,Active
GBL001199-01-2020,Arby's 5749,DC Management Utah LLC,275 12TH ST,7225,Restaurants and Other Eating Places,Fast Food Restaurant,Active
GBL003025-10-2021,Cupbop Ogden LLC,Cupbop Co,141 12TH ST,7225,Restaurants and Other Eating Places,Korean BBQ Restaurant,Active
1024511,TACO BELL #033172,GOLDEN SPIKE RESTAURANTS LLC,365 12TH ST,7225,Restaurants and Other Eating Places,FAST FOOD RESTAURANT,Active
ALCOHOL001047-11-2019,Wing Wah Gourmet,Wing Wah Gourmet Inc,465 12TH ST,7225,Restaurants and Other Eating Places,Chinese Restaurant with Beer & Wine,Active
GBL003535-04-2022,Chipotle Mexican Grill #4174,Chipotle Mexican Grill,1269 WASHINGTON BLVD,7225,Restaurants and Other Eating Places,Mexican Restaurant,Active
1025119,Coffee Links LLC,Coffee Links LLC,287 PARK BLVD,7225,Restaurants and Other Eating Places,"COFFEE SHOP, TEA, DESSERTS, SMOOTHIES, SANDWICHES.",Active
1005604,THE GREENERY RESTAURANT,THE GREENERY RESTAURANT,1875 VALLEY DR,7225,Restaurants and Other Eating Places,Restaurant w/Beer & Wine,Active
1024501,POPYEY'S #506,HZ OPS HOLDING INC,217 12TH ST,7225,Restaurants and Other Eating Places,FAST FOOD RESTAURANT ( POPEYE'S LOUISIANA FRIED CHICKEN & SHRIMP),Active
ALCOHOL000188-01-2019,Gigs Tavern,JVA Holdings LLC,975 W 24TH ST,7224,Drinking Places (Alcholic Beverages),Full Service Bar & Grill,Active
ALCOHOL001108-12-2019,Blue Sapphire Gentlemen's Club,The Office 1900 LLC,2706 S 1900 W,7224,Drinking Places (Alcholic Beverages),"Sexually Oriented Business - Club w/Restuarant, Beer, Wine & Liquor",Active
1026161,ROOSTERS B ST BREWING CO LLC,ROOSTERS B ST BREWING CO LLC,2325 B AVE,7224,Drinking Places (Alcholic Beverages),Social Club/Restaurant/Beer/Wine/Liquor,Active
GBL003324-02-2022,Lachulavista Enterprises LLC,Lachulavista Enterprises LLC,1125 W 3300 S,7225,Restaurants and Other Eating Places,Mexican Restaurant,Active
GBL001233-02-2020,Jamba Juice #103506,Blended Star LLC,4396 HARRISON BLVD,7225,Restaurants and Other Eating Places,"Blended Smoothie, Smoothie Bowls, Juices & Snacks",Active
1024510,TACO BELL #033161,GOLDEN SPIKE RESTAURANTS LLC,4312 HARRISON BLVD,7225,Restaurants and Other Eating Places,FAST FOOD RESTAURANT,Active
GBL002018-12-2020,Swig N' Sweets,Savory Swig Stores LLC,4286 HARRISON BLVD,7225,Restaurants and Other Eating Places,Restaurant Serving Soda and Cookies,Active
0466776,UNIVERSITY BROILER & GRILL,University Broiler & Grill,4342 HARRISON BLVD,7225,Restaurants and Other Eating Places,Restaurant w/B Beer,Active
1005102,JAVIER'S AUTHENTIC MEXICAN FOOD,JAVIER'S AUTHENTIC MEXICAN FOOD,4874 HARRISON BLVD,7225,Restaurants and Other Eating Places,"MEXICAN RESTAURANT W/BEER, WINE & LIQUOR",Active
0636419,ARBY'S #708,ARBY'S #708,4740 HARRISON BLVD,7225,Restaurants and Other Eating Places,FAST FOOD RESTAURANT,Active
GBL000369-03-2019,Taco Time,As2b Food Group Inc,4773 HARRISON BLVD,7225,Restaurants and Other Eating Places,Mexican Fast Food Restaruant,Active
1022777,PIZZA HUT #22546,WASATCH VALLEY PIZZA LLC,4789 HARRISON BLVD,7225,Restaurants and Other Eating Places,Pizza Restaurant - Delivery & Carry Out ONLY,Active
1020546,VIRGS - OGDEN INC,VIRGS - OGDEN INC,4649 HARRISON BLVD,7225,Restaurants and Other Eating Places,RESTAURANT,Active
1021282,LIGORIS,TED LIGORI INC,4780 OLD POST RD,7225,Restaurants and Other Eating Places,Italian Restaurant - Pizza & Pasta,Active
1026100,BEANS & BREWS COFFEE HOUSE,ARABICA LLC,4201 HARRISON BLVD,7225,Restaurants and Other Eating Places,SPECIALTY COFFEE HOUSE,Active
1024464,SUSHI TOTTO,Hae Dong LLC,1216 E 4800 S,7225,Restaurants and Other Eating Places,"Suchi, Sashim Restaurant w/Beer & Wine",Active
1021282,LIGORIS,TED LIGORI INC,4780 OLD POST RD,7225,Restaurants and Other Eating Places,Italian Restaurant - Pizza & Pasta,Active
1021282,LIGORIS,TED LIGORI INC,4780 OLD POST RD,7225,Restaurants and Other Eating Places,Italian Restaurant - Pizza & Pasta,Active
ALCOHOL003504-04-2022,Sushi Pro LLC,Sushi Pro,4337 HARRISON BLVD,7225,Restaurants and Other Eating Places,Sushi Restaurant w/ Beer & Wine,Active
1019636,HUG-HES CAFE,Hug-Hes Cafe,1220 E 4800 S,7225,Restaurants and Other Eating Places,Restaurant w/Beer & Wine,Active
1006889,NORTHERN UTAH GROUNDS FOR COFFEE INC,NORTHERN UTAH GROUNDS FOR COFFEE INC,4401 HARRISON BLVD,7225,Restaurants and Other Eating Places,Coffee Cart Inside IHC/McKay Dee Hospital,Active
1006889,NORTHERN UTAH GROUNDS FOR COFFEE INC,NORTHERN UTAH GROUNDS FOR COFFEE INC,4401 HARRISON BLVD,7225,Restaurants and Other Eating Places,Coffee Cart Inside IHC/McKay Dee Hospital,Active
ALCOHOL004195-12-2022,Thai Palm Kitchen,Heat Pho LLC,4844 HARRISON BLVD,7225,Restaurants and Other Eating Places,Thai Food Restaurant with Beer & Wine,Active
1006889,NORTHERN UTAH GROUNDS FOR COFFEE INC,NORTHERN UTAH GROUNDS FOR COFFEE INC,4401 HARRISON BLVD,7225,Restaurants and Other Eating Places,Coffee Cart Inside IHC/McKay Dee Hospital,Active
GBL001752-08-2020,Jimmy John's GHGF,GH Food Group SLC LLC,3685 HARRISON BLVD,7225,Restaurants and Other Eating Places,Quick Service Sandwich Restaurant,Active
GBL000025-11-2018,Baskin-Robbins #2108,Kiwi Scoops LLC,3675 HARRISON BLVD,7225,Restaurants and Other Eating Places,Selling Ice Cream and Ice Cream Products,Active
1026298,DAILY RISE DOWNTOWN LLC,3F HOLDING CORPORATION,2314 WASHINGTON BLVD,7225,Restaurants and Other Eating Places,Full Service Coffee Cafe. Serving Espresso Based & Non Espresso Drinks,Active
1018683,FIVE GUYS BURGERS AND FRIES,OGDEN FG LLC,2325 WASHINGTON BLVD,7225,Restaurants and Other Eating Places,BURGER & FRY RESTAURANT,Active
1021934,TOKYO STATION,TOKYO STATION LLC,2259 WASHINGTON BLVD,7225,Restaurants and Other Eating Places,TEPPANYAKI STEAKHOUSE & SUSHI BAR W/ BEER & WINE,Active
1014220,THE SONORA GRILL,THE SONORA GRILL INC,2310 KIESEL AVE,7225,Restaurants and Other Eating Places,"Mexican Restaurnant w/Beer, Wine & Liquor",Active
1024361,SUBWAY SANDWICHES,BMG LLC,2378 KIESEL AVE,7225,Restaurants and Other Eating Places,FAST FOOD SUB SANDWICH RESTAURANT,Active
ALCOHOL002327-02-2021,O-Town Beach Club,Ogden Professional Baseball Inc,2330 LINCOLN AVE,7224,Drinking Places (Alcholic Beverages),Seasonal Bar (O-Town Beach Club) @ Lindquist Field Baseball Stadium,Active
ALCOHOL003015-10-2021,Laan Thai Restaurant LLC,Laan Thai Restaurant LLC,2327 WASHINGTON BLVD,7225,Restaurants and Other Eating Places,Thai Food Restaurant w/Beer & Wine,Active
1019710,THE GARDEN GRILLE & LOUNGE,WASHINGTON LODGING LLC,2271 WASHINGTON BLVD,7225,Restaurants and Other Eating Places,"Restaurant W/Beer, Wine & Liquor inside Hilton Garden Inn",Active
1019709,HILTON GARDEN INN - OGDEN,WASHINGTON LODGING LLC,2271 WASHINGTON BLVD,7223,Special Food Services,"On Premise Banquet W/ Beer, Wine & Liquor",Active
GBL002070-12-2020,Original Philadelphia Cheesesteaks LLC,Original Philadelphia Cheesesteaks LLC,2054 HARRISON BLVD,7225,Restaurants and Other Eating Places,Cheesesteak Restaurant,Active
0103812,ASAEL FARR & SONS COMPANY,ASAEL FARR & SONS COMPANY,274 21ST ST,7225,Restaurants and Other Eating Places,Ice Cream Parlor,Active
1022774,COSTA VIDA,PLAYA DEL SOL OGDEN LLC,334 23RD ST,7225,Restaurants and Other Eating Places,MEXICAN FAST FOOD RESTAURANT,Active
1026208,UTOG BREWING COMPANY LLC,UTOG BREWING COMPANY LLC,2331 GRANT AVE,7225,Restaurants and Other Eating Places,Restaurant/D Beer/Wine/Liquor,Active
GBL003122-11-2021,Yu's Maple Garden Chinese Restaurant LLC,Yu's Maple Garden Chinese Restaurant LLC,2501 WALL AVE,7225,Restaurants and Other Eating Places,"Chinese Restaurant. Dine-In, Take Out and Delivery",Active
1023778,UNION GRILL,UNION GRILL LC,315 24TH ST,7225,Restaurants and Other Eating Places,"Restaurant w/Beer, Wine & Liquor",Active
1005028,THE DAILY RISE EXPRESSO LLC,THE DAILY RISE EXPRESSO LLC,2865 WASHINGTON BLVD,7225,Restaurants and Other Eating Places,SPECIALTY COFFEE DRIVE-THRU,Active
ALCOHOL000387-03-2019,WB's Neighborhood Daily LLC,"Wanderley-Britt, Amy",455 25TH ST,7225,Restaurants and Other Eating Places,Full Service Alcohol Restaurant & Coffee Bar,Active
ALCOHOL001941-11-2020,Historic KoKoMo Club,Historic KoKoMo Inc,216 25TH ST,7224,Drinking Places (Alcholic Beverages),Social Club w/D Beer & Liquor,Active
0710010,THE CITY CLUB,THE CITY CLUB INC,264 25TH ST,7224,Drinking Places (Alcholic Beverages),Social Club (Bar) w/Restaurant/D Beer/Liquor/Cabaret,Active
1023687,WAFFLE LOVE LLC,WAFFLE LOVE LLC,109 25TH ST,7225,Restaurants and Other Eating Places,MAKE AND SELL WAFFLES,Active
1017812,GROUNDS FOR COFFEE,EMBRIEL LIMITED COMPANY,111 25TH ST,7225,Restaurants and Other Eating Places,COFFEE AND SANDWICH SHOP,Active
1019805,ALLEGED,ALLEGED LLC,205 25TH ST,7224,Drinking Places (Alcholic Beverages),Social Club w/Restaurant & Cabaret,Active
1002816,Wiseguy Comedy,Wiseguy Comedy,269 25TH ST,7225,Restaurants and Other Eating Places,Restaurant w/Beer & Live Comedy,Active
0112311,ROOSTERS 25TH STREET BREWING COMPANY,Roosters 25th Street Brewing Company,253 25TH ST,7225,Restaurants and Other Eating Places,"Restaurant w/Beer, Wine & Liquor",Active
1002925,TONA,Tona Inc,210 25TH ST,7225,Restaurants and Other Eating Places,Sushi Bar & Grill w/Beer & Wine,Active
1019805,ALLEGED,ALLEGED LLC,201 25TH ST,7224,Drinking Places (Alcholic Beverages),Social Club w/Restaurant & Cabaret,Active
1021103,ROVALIS RISTORANTE ITALIANO,ROVALIS RISTORANTE ITALIANO INC,174 25TH ST,7225,Restaurants and Other Eating Places,"Italian Restaurant/Coffice Bar w/ Beer, Wine, Liquor & Cabaret",Active
1025965,IVAN'S ICECREAM AND SNOWIES,IVAN'S ICECREAM AND SNOWIES,2665 WASHINGTON BLVD,7225,Restaurants and Other Eating Places,"ICE CREAM CONES (SCOOPED), CORN ON THE COB ETC",Active
1016346,MI PUEBLA RESTAURANT LLC,"NEGREROS, CELINA & JOSE",2665 WASHINGTON BLVD,7225,Restaurants and Other Eating Places,MEXICAN RESTAURANT,Active
1022796,OGDEN ECCLES CONFERENCE CENTER,WEBER COUNTY CORPORATION,2415 WASHINGTON BLVD,7223,Special Food Services,"On Premise Banquet W/ Beer, Wine & Liquor for Ogden Eccles Conference Center",Active
1022610,ROSAS CAFE LLC,Rosas Cafe,2660 WASHINGTON BLVD,7225,Restaurants and Other Eating Places,MEXICAN RESTAURANT,Active
1018735,PEARL MILK TEA CLUB,PURSUIT OF HAPPYNESS LLC,110 25TH ST,7225,Restaurants and Other Eating Places,WOMENS BOUTIQUE / GIFT SHOP / SMOOTHIES & HAND MADE DRINKS,Active
ALCOHOL003195-12-2021,Lee's Mongolian BBQ,Lees Mongolian BBQ LLC,2866 WASHINGTON BLVD,7225,Restaurants and Other Eating Places,"Asian Mongolian BBQ Restaurant w/Beer, Wine & Liquor",Active
ALCOHOL003679-06-2022,Jo Jo Bowls and Boba LLC,Jo Jo Bowls and Boba LLC,252 25TH ST,7225,Restaurants and Other Eating Places,"Rice Bowls, Tea and Boba Restaurant w/Beer & Wine",Active
1024224,WASATCH ROASTING COMPANY LLC,WASATCH ROASTING COMPANY LLC,2436 GRANT AVE,7225,Restaurants and Other Eating Places,COFFEE SHOP & ROASTERY,Active
ALCOHOL001283-02-2020,Unspoken,ALLEGED LLC,211 25TH ST,7224,Drinking Places (Alcholic Beverages),Social Club/Bar,Active
ALCOHOL001283-02-2020,Unspoken,ALLEGED LLC,211 25TH ST,7224,Drinking Places (Alcholic Beverages),Social Club/Bar,Active
1002820,TAQUERIA Y TORTAS EL PARAISO,TAQUERIA Y TORTAS EL PARAISO LLC,2665 WALL AVE,7225,Restaurants and Other Eating Places,MEXICAN FOOD RESTAURANT,Active
ALCOHOL003909-08-2022,Lit Arcade Bar,Lit Amusements LLC,2432 WASHINGTON BLVD,7225,Restaurants and Other Eating Places,"Arcade, Restuarant & Bar w/ Beer, Wine & Liquor",Active
ALCOHOL000954-10-2019,Stellas American & Italian Bistro,Chef Geraldine's Kitchens LLC,225 25TH ST,7225,Restaurants and Other Eating Places,Italian Restaurant w/Beer & Wine,Active
GBL003602-05-2022,Costa Del Sol LLC,Costa Del Sol LLC,2433 ADAMS AVE,7225,Restaurants and Other Eating Places,Mexican Restaurant,Active
0966617,BREWSKI'S ON HISTORIC 25TH,BREWSKI'S ON HISTORIC 25TH,244 25TH ST,7224,Drinking Places (Alcholic Beverages),Social Club W/Restaurant/D Beer/Liquor & Cabaret,Active
ALCOHOL003709-06-2022,La Ferrovia Italian Ristorante,Dritlein LLC,234 25TH ST,7225,Restaurants and Other Eating Places,Italian Restaurant w/ Beer & Wine,Active
1023338,WARREN'S CRAFT BURGER,LKD INC,258 25TH ST,7225,Restaurants and Other Eating Places,"Restaurant w/Beer, Wine & Liquor",Active
ALCOHOL001297-02-2020,Lucky Slice Ogden,Lucky Slice Ogden LLC,207 25TH ST,7225,Restaurants and Other Eating Places,Fast Casual Pizzeria w/Beer & Wine,Active
GBL000807-08-2019,Sapori Italian Bakery & Cafe,Sapori Catering LLC,325 24TH ST,7225,Restaurants and Other Eating Places,Italian Style Bakery & Cafe,Active
1021296,TAQUERIA Y TORTAS EL PARAISO,TAQUERIA Y TORTAS EL PARAISO LLC,2581 WASHINGTON BLVD,7223,Special Food Services,Sidewalk Vendor / Food Cart,Active
1021297,TAQUERIA LA TAPATIA LLC,TAQUERIA LA TAPATIA LLC,2529 WASHINGTON BLVD,7223,Special Food Services,Sidewalk Vendor / Food Cart,Active
GBL003122-11-2021,Yu's Maple Garden Chinese Restaurant LLC,Yu's Maple Garden Chinese Restaurant LLC,2501 WALL AVE,7225,Restaurants and Other Eating Places,"Chinese Restaurant. Dine-In, Take Out and Delivery",Active
1021214,THE COFFEE COMPOUND,A & Y TORRES INC,2417 GRANT AVE,7225,Restaurants and Other Eating Places,COFFEE SHOP,Active
ALCOHOL000103-12-2018,Angry Goat Pub & Kitchen,The Angry Goat Group LLC,2570 WASHINGTON BLVD,7224,Drinking Places (Alcholic Beverages),(Bar) Restaurant/D Beer/Liquor and Cabaret,Active
1024067,MENCHIE'S FROZEN YOGURT #818,BADDADDY ENTERPRISES INC,329 24TH ST,7225,Restaurants and Other Eating Places,SELF - SERVE FROZEN YOGURT / FROZEN DESERT,Active
ALCOHOL002981-10-2021,Slackwater LLC,Slackwater LLC,209 24TH ST,7225,Restaurants and Other Eating Places,Restaurant w/ Beer & Wine,Active
1021900,COURTYARD OGDEN,OGDEN HOTEL INVESTORS LLC,247 24TH ST,7223,Special Food Services,"On-Premise Banquet W/ Beer, Wine & Liquor",Active
1021898,THE BISTRO AT COURTYARD OGDEN,OGDEN HOTEL INVESTORS LLC,247 24TH ST,7225,Restaurants and Other Eating Places,"Restaurant W/Beer, Wine & Liquor inside Courtyard Ogden Hotel",Active
GBL003602-05-2022,Costa Del Sol LLC,Costa Del Sol LLC,2433 ADAMS AVE,7225,Restaurants and Other Eating Places,Mexican Restaurant,Active
GBL003602-05-2022,Costa Del Sol LLC,Costa Del Sol LLC,2433 ADAMS AVE,7225,Restaurants and Other Eating Places,Mexican Restaurant,Active
GBL003602-05-2022,Costa Del Sol LLC,Costa Del Sol LLC,2433 ADAMS AVE,7225,Restaurants and Other Eating Places,Mexican Restaurant,Active
GBL003602-05-2022,Costa Del Sol LLC,Costa Del Sol LLC,2433 ADAMS AVE,7225,Restaurants and Other Eating Places,Mexican Restaurant,Active
GBL003602-05-2022,Costa Del Sol LLC,Costa Del Sol LLC,2433 ADAMS AVE,7225,Restaurants and Other Eating Places,Mexican Restaurant,Active
GBL003602-05-2022,Costa Del Sol LLC,Costa Del Sol LLC,2433 ADAMS AVE,7225,Restaurants and Other Eating Places,Mexican Restaurant,Active
GBL003602-05-2022,Costa Del Sol LLC,Costa Del Sol LLC,2433 ADAMS AVE,7225,Restaurants and Other Eating Places,Mexican Restaurant,Active
GBL003602-05-2022,Costa Del Sol LLC,Costa Del Sol LLC,2433 ADAMS AVE,7225,Restaurants and Other Eating Places,Mexican Restaurant,Active
GBL003602-05-2022,Costa Del Sol LLC,Costa Del Sol LLC,2433 ADAMS AVE,7225,Restaurants and Other Eating Places,Mexican Restaurant,Active
GBL003602-05-2022,Costa Del Sol LLC,Costa Del Sol LLC,2433 ADAMS AVE,7225,Restaurants and Other Eating Places,Mexican Restaurant,Active
GBL003602-05-2022,Costa Del Sol LLC,Costa Del Sol LLC,2433 ADAMS AVE,7225,Restaurants and Other Eating Places,Mexican Restaurant,Active
GBL003602-05-2022,Costa Del Sol LLC,Costa Del Sol LLC,2433 ADAMS AVE,7225,Restaurants and Other Eating Places,Mexican Restaurant,Active
GBL003602-05-2022,Costa Del Sol LLC,Costa Del Sol LLC,2433 ADAMS AVE,7225,Restaurants and Other Eating Places,Mexican Restaurant,Active
GBL003602-05-2022,Costa Del Sol LLC,Costa Del Sol LLC,2433 ADAMS AVE,7225,Restaurants and Other Eating Places,Mexican Restaurant,Active
GBL003602-05-2022,Costa Del Sol LLC,Costa Del Sol LLC,2433 ADAMS AVE,7225,Restaurants and Other Eating Places,Mexican Restaurant,Active
GBL003602-05-2022,Costa Del Sol LLC,Costa Del Sol LLC,2433 ADAMS AVE,7225,Restaurants and Other Eating Places,Mexican Restaurant,Active
GBL003602-05-2022,Costa Del Sol LLC,Costa Del Sol LLC,2433 ADAMS AVE,7225,Restaurants and Other Eating Places,Mexican Restaurant,Active
GBL003602-05-2022,Costa Del Sol LLC,Costa Del Sol LLC,2433 ADAMS AVE,7225,Restaurants and Other Eating Places,Mexican Restaurant,Active
GBL003602-05-2022,Costa Del Sol LLC,Costa Del Sol LLC,2433 ADAMS AVE,7225,Restaurants and Other Eating Places,Mexican Restaurant,Active
GBL003602-05-2022,Costa Del Sol LLC,Costa Del Sol LLC,2433 ADAMS AVE,7225,Restaurants and Other Eating Places,Mexican Restaurant,Active
GBL003602-05-2022,Costa Del Sol LLC,Costa Del Sol LLC,2433 ADAMS AVE,7225,Restaurants and Other Eating Places,Mexican Restaurant,Active
GBL003602-05-2022,Costa Del Sol LLC,Costa Del Sol LLC,2433 ADAMS AVE,7225,Restaurants and Other Eating Places,Mexican Restaurant,Active
GBL003602-05-2022,Costa Del Sol LLC,Costa Del Sol LLC,2433 ADAMS AVE,7225,Restaurants and Other Eating Places,Mexican Restaurant,Active
GBL003602-05-2022,Costa Del Sol LLC,Costa Del Sol LLC,2433 ADAMS AVE,7225,Restaurants and Other Eating Places,Mexican Restaurant,Active
GBL003602-05-2022,Costa Del Sol LLC,Costa Del Sol LLC,2433 ADAMS AVE,7225,Restaurants and Other Eating Places,Mexican Restaurant,Active
GBL003602-05-2022,Costa Del Sol LLC,Costa Del Sol LLC,2433 ADAMS AVE,7225,Restaurants and Other Eating Places,Mexican Restaurant,Active
GBL003602-05-2022,Costa Del Sol LLC,Costa Del Sol LLC,2433 ADAMS AVE,7225,Restaurants and Other Eating Places,Mexican Restaurant,Active
GBL003602-05-2022,Costa Del Sol LLC,Costa Del Sol LLC,2433 ADAMS AVE,7225,Restaurants and Other Eating Places,Mexican Restaurant,Active
GBL003602-05-2022,Costa Del Sol LLC,Costa Del Sol LLC,2433 ADAMS AVE,7225,Restaurants and Other Eating Places,Mexican Restaurant,Active
GBL003602-05-2022,Costa Del Sol LLC,Costa Del Sol LLC,2433 ADAMS AVE,7225,Restaurants and Other Eating Places,Mexican Restaurant,Active
GBL003602-05-2022,Costa Del Sol LLC,Costa Del Sol LLC,2433 ADAMS AVE,7225,Restaurants and Other Eating Places,Mexican Restaurant,Active
GBL003602-05-2022,Costa Del Sol LLC,Costa Del Sol LLC,2433 ADAMS AVE,7225,Restaurants and Other Eating Places,Mexican Restaurant,Active
GBL003602-05-2022,Costa Del Sol LLC,Costa Del Sol LLC,2433 ADAMS AVE,7225,Restaurants and Other Eating Places,Mexican Restaurant,Active
GBL003602-05-2022,Costa Del Sol LLC,Costa Del Sol LLC,2433 ADAMS AVE,7225,Restaurants and Other Eating Places,Mexican Restaurant,Active
GBL003602-05-2022,Costa Del Sol LLC,Costa Del Sol LLC,2433 ADAMS AVE,7225,Restaurants and Other Eating Places,Mexican Restaurant,Active
GBL003602-05-2022,Costa Del Sol LLC,Costa Del Sol LLC,2433 ADAMS AVE,7225,Restaurants and Other Eating Places,Mexican Restaurant,Active
GBL003602-05-2022,Costa Del Sol LLC,Costa Del Sol LLC,2433 ADAMS AVE,7225,Restaurants and Other Eating Places,Mexican Restaurant,Active
GBL003602-05-2022,Costa Del Sol LLC,Costa Del Sol LLC,2433 ADAMS AVE,7225,Restaurants and Other Eating Places,Mexican Restaurant,Active
GBL003602-05-2022,Costa Del Sol LLC,Costa Del Sol LLC,2433 ADAMS AVE,7225,Restaurants and Other Eating Places,Mexican Restaurant,Active
GBL003602-05-2022,Costa Del Sol LLC,Costa Del Sol LLC,2433 ADAMS AVE,7225,Restaurants and Other Eating Places,Mexican Restaurant,Active
GBL003602-05-2022,Costa Del Sol LLC,Costa Del Sol LLC,2433 ADAMS AVE,7225,Restaurants and Other Eating Places,Mexican Restaurant,Active
GBL003602-05-2022,Costa Del Sol LLC,Costa Del Sol LLC,2433 ADAMS AVE,7225,Restaurants and Other Eating Places,Mexican Restaurant,Active
GBL003602-05-2022,Costa Del Sol LLC,Costa Del Sol LLC,2433 ADAMS AVE,7225,Restaurants and Other Eating Places,Mexican Restaurant,Active
GBL003602-05-2022,Costa Del Sol LLC,Costa Del Sol LLC,2433 ADAMS AVE,7225,Restaurants and Other Eating Places,Mexican Restaurant,Active
GBL003602-05-2022,Costa Del Sol LLC,Costa Del Sol LLC,2433 ADAMS AVE,7225,Restaurants and Other Eating Places,Mexican Restaurant,Active
GBL003602-05-2022,Costa Del Sol LLC,Costa Del Sol LLC,2433 ADAMS AVE,7225,Restaurants and Other Eating Places,Mexican Restaurant,Active
GBL003602-05-2022,Costa Del Sol LLC,Costa Del Sol LLC,2433 ADAMS AVE,7225,Restaurants and Other Eating Places,Mexican Restaurant,Active
GBL003602-05-2022,Costa Del Sol LLC,Costa Del Sol LLC,2433 ADAMS AVE,7225,Restaurants and Other Eating Places,Mexican Restaurant,Active
GBL003602-05-2022,Costa Del Sol LLC,Costa Del Sol LLC,2433 ADAMS AVE,7225,Restaurants and Other Eating Places,Mexican Restaurant,Active
GBL003602-05-2022,Costa Del Sol LLC,Costa Del Sol LLC,2433 ADAMS AVE,7225,Restaurants and Other Eating Places,Mexican Restaurant,Active
GBL003602-05-2022,Costa Del Sol LLC,Costa Del Sol LLC,2433 ADAMS AVE,7225,Restaurants and Other Eating Places,Mexican Restaurant,Active
GBL003602-05-2022,Costa Del Sol LLC,Costa Del Sol LLC,2433 ADAMS AVE,7225,Restaurants and Other Eating Places,Mexican Restaurant,Active
GBL003602-05-2022,Costa Del Sol LLC,Costa Del Sol LLC,2433 ADAMS AVE,7225,Restaurants and Other Eating Places,Mexican Restaurant,Active
GBL003602-05-2022,Costa Del Sol LLC,Costa Del Sol LLC,2433 ADAMS AVE,7225,Restaurants and Other Eating Places,Mexican Restaurant,Active
GBL003602-05-2022,Costa Del Sol LLC,Costa Del Sol LLC,2433 ADAMS AVE,7225,Restaurants and Other Eating Places,Mexican Restaurant,Active
GBL003602-05-2022,Costa Del Sol LLC,Costa Del Sol LLC,2433 ADAMS AVE,7225,Restaurants and Other Eating Places,Mexican Restaurant,Active
GBL003602-05-2022,Costa Del Sol LLC,Costa Del Sol LLC,2433 ADAMS AVE,7225,Restaurants and Other Eating Places,Mexican Restaurant,Active
GBL003602-05-2022,Costa Del Sol LLC,Costa Del Sol LLC,2433 ADAMS AVE,7225,Restaurants and Other Eating Places,Mexican Restaurant,Active
GBL003602-05-2022,Costa Del Sol LLC,Costa Del Sol LLC,2433 ADAMS AVE,7225,Restaurants and Other Eating Places,Mexican Restaurant,Active
GBL003602-05-2022,Costa Del Sol LLC,Costa Del Sol LLC,2433 ADAMS AVE,7225,Restaurants and Other Eating Places,Mexican Restaurant,Active
GBL003602-05-2022,Costa Del Sol LLC,Costa Del Sol LLC,2433 ADAMS AVE,7225,Restaurants and Other Eating Places,Mexican Restaurant,Active
GBL003602-05-2022,Costa Del Sol LLC,Costa Del Sol LLC,2433 ADAMS AVE,7225,Restaurants and Other Eating Places,Mexican Restaurant,Active
GBL003602-05-2022,Costa Del Sol LLC,Costa Del Sol LLC,2433 ADAMS AVE,7225,Restaurants and Other Eating Places,Mexican Restaurant,Active
GBL003602-05-2022,Costa Del Sol LLC,Costa Del Sol LLC,2433 ADAMS AVE,7225,Restaurants and Other Eating Places,Mexican Restaurant,Active
GBL003602-05-2022,Costa Del Sol LLC,Costa Del Sol LLC,2433 ADAMS AVE,7225,Restaurants and Other Eating Places,Mexican Restaurant,Active
GBL003602-05-2022,Costa Del Sol LLC,Costa Del Sol LLC,2433 ADAMS AVE,7225,Restaurants and Other Eating Places,Mexican Restaurant,Active
GBL003602-05-2022,Costa Del Sol LLC,Costa Del Sol LLC,2433 ADAMS AVE,7225,Restaurants and Other Eating Places,Mexican Restaurant,Active
GBL003602-05-2022,Costa Del Sol LLC,Costa Del Sol LLC,2433 ADAMS AVE,7225,Restaurants and Other Eating Places,Mexican Restaurant,Active
GBL003602-05-2022,Costa Del Sol LLC,Costa Del Sol LLC,2433 ADAMS AVE,7225,Restaurants and Other Eating Places,Mexican Restaurant,Active
GBL003602-05-2022,Costa Del Sol LLC,Costa Del Sol LLC,2433 ADAMS AVE,7225,Restaurants and Other Eating Places,Mexican Restaurant,Active
GBL003602-05-2022,Costa Del Sol LLC,Costa Del Sol LLC,2433 ADAMS AVE,7225,Restaurants and Other Eating Places,Mexican Restaurant,Active
GBL003602-05-2022,Costa Del Sol LLC,Costa Del Sol LLC,2433 ADAMS AVE,7225,Restaurants and Other Eating Places,Mexican Restaurant,Active
GBL003602-05-2022,Costa Del Sol LLC,Costa Del Sol LLC,2433 ADAMS AVE,7225,Restaurants and Other Eating Places,Mexican Restaurant,Active
GBL003602-05-2022,Costa Del Sol LLC,Costa Del Sol LLC,2433 ADAMS AVE,7225,Restaurants and Other Eating Places,Mexican Restaurant,Active
GBL003602-05-2022,Costa Del Sol LLC,Costa Del Sol LLC,2433 ADAMS AVE,7225,Restaurants and Other Eating Places,Mexican Restaurant,Active
GBL003602-05-2022,Costa Del Sol LLC,Costa Del Sol LLC,2433 ADAMS AVE,7225,Restaurants and Other Eating Places,Mexican Restaurant,Active
GBL003602-05-2022,Costa Del Sol LLC,Costa Del Sol LLC,2433 ADAMS AVE,7225,Restaurants and Other Eating Places,Mexican Restaurant,Active
GBL003602-05-2022,Costa Del Sol LLC,Costa Del Sol LLC,2433 ADAMS AVE,7225,Restaurants and Other Eating Places,Mexican Restaurant,Active
GBL003602-05-2022,Costa Del Sol LLC,Costa Del Sol LLC,2433 ADAMS AVE,7225,Restaurants and Other Eating Places,Mexican Restaurant,Active
GBL003602-05-2022,Costa Del Sol LLC,Costa Del Sol LLC,2433 ADAMS AVE,7225,Restaurants and Other Eating Places,Mexican Restaurant,Active
GBL003602-05-2022,Costa Del Sol LLC,Costa Del Sol LLC,2433 ADAMS AVE,7225,Restaurants and Other Eating Places,Mexican Restaurant,Active
GBL003602-05-2022,Costa Del Sol LLC,Costa Del Sol LLC,2433 ADAMS AVE,7225,Restaurants and Other Eating Places,Mexican Restaurant,Active
GBL003602-05-2022,Costa Del Sol LLC,Costa Del Sol LLC,2433 ADAMS AVE,7225,Restaurants and Other Eating Places,Mexican Restaurant,Active
GBL003602-05-2022,Costa Del Sol LLC,Costa Del Sol LLC,2433 ADAMS AVE,7225,Restaurants and Other Eating Places,Mexican Restaurant,Active
GBL003602-05-2022,Costa Del Sol LLC,Costa Del Sol LLC,2433 ADAMS AVE,7225,Restaurants and Other Eating Places,Mexican Restaurant,Active
GBL003602-05-2022,Costa Del Sol LLC,Costa Del Sol LLC,2433 ADAMS AVE,7225,Restaurants and Other Eating Places,Mexican Restaurant,Active
GBL003602-05-2022,Costa Del Sol LLC,Costa Del Sol LLC,2433 ADAMS AVE,7225,Restaurants and Other Eating Places,Mexican Restaurant,Active
GBL003602-05-2022,Costa Del Sol LLC,Costa Del Sol LLC,2433 ADAMS AVE,7225,Restaurants and Other Eating Places,Mexican Restaurant,Active
GBL003602-05-2022,Costa Del Sol LLC,Costa Del Sol LLC,2433 ADAMS AVE,7225,Restaurants and Other Eating Places,Mexican Restaurant,Active
GBL003602-05-2022,Costa Del Sol LLC,Costa Del Sol LLC,2433 ADAMS AVE,7225,Restaurants and Other Eating Places,Mexican Restaurant,Active
GBL003602-05-2022,Costa Del Sol LLC,Costa Del Sol LLC,2433 ADAMS AVE,7225,Restaurants and Other Eating Places,Mexican Restaurant,Active
GBL003602-05-2022,Costa Del Sol LLC,Costa Del Sol LLC,2433 ADAMS AVE,7225,Restaurants and Other Eating Places,Mexican Restaurant,Active
GBL003602-05-2022,Costa Del Sol LLC,Costa Del Sol LLC,2433 ADAMS AVE,7225,Restaurants and Other Eating Places,Mexican Restaurant,Active
GBL003602-05-2022,Costa Del Sol LLC,Costa Del Sol LLC,2433 ADAMS AVE,7225,Restaurants and Other Eating Places,Mexican Restaurant,Active
GBL003602-05-2022,Costa Del Sol LLC,Costa Del Sol LLC,2433 ADAMS AVE,7225,Restaurants and Other Eating Places,Mexican Restaurant,Active
GBL003602-05-2022,Costa Del Sol LLC,Costa Del Sol LLC,2433 ADAMS AVE,7225,Restaurants and Other Eating Places,Mexican Restaurant,Active
GBL003602-05-2022,Costa Del Sol LLC,Costa Del Sol LLC,2433 ADAMS AVE,7225,Restaurants and Other Eating Places,Mexican Restaurant,Active
GBL003602-05-2022,Costa Del Sol LLC,Costa Del Sol LLC,2433 ADAMS AVE,7225,Restaurants and Other Eating Places,Mexican Restaurant,Active
GBL003602-05-2022,Costa Del Sol LLC,Costa Del Sol LLC,2433 ADAMS AVE,7225,Restaurants and Other Eating Places,Mexican Restaurant,Active
GBL003602-05-2022,Costa Del Sol LLC,Costa Del Sol LLC,2433 ADAMS AVE,7225,Restaurants and Other Eating Places,Mexican Restaurant,Active
GBL003602-05-2022,Costa Del Sol LLC,Costa Del Sol LLC,2433 ADAMS AVE,7225,Restaurants and Other Eating Places,Mexican Restaurant,Active
GBL003602-05-2022,Costa Del Sol LLC,Costa Del Sol LLC,2433 ADAMS AVE,7225,Restaurants and Other Eating Places,Mexican Restaurant,Active
GBL003602-05-2022,Costa Del Sol LLC,Costa Del Sol LLC,2433 ADAMS AVE,7225,Restaurants and Other Eating Places,Mexican Restaurant,Active
GBL003602-05-2022,Costa Del Sol LLC,Costa Del Sol LLC,2433 ADAMS AVE,7225,Restaurants and Other Eating Places,Mexican Restaurant,Active
GBL003602-05-2022,Costa Del Sol LLC,Costa Del Sol LLC,2433 ADAMS AVE,7225,Restaurants and Other Eating Places,Mexican Restaurant,Active
GBL003602-05-2022,Costa Del Sol LLC,Costa Del Sol LLC,2433 ADAMS AVE,7225,Restaurants and Other Eating Places,Mexican Restaurant,Active
GBL003602-05-2022,Costa Del Sol LLC,Costa Del Sol LLC,2433 ADAMS AVE,7225,Restaurants and Other Eating Places,Mexican Restaurant,Active
GBL003602-05-2022,Costa Del Sol LLC,Costa Del Sol LLC,2433 ADAMS AVE,7225,Restaurants and Other Eating Places,Mexican Restaurant,Active
GBL003602-05-2022,Costa Del Sol LLC,Costa Del Sol LLC,2433 ADAMS AVE,7225,Restaurants and Other Eating Places,Mexican Restaurant,Active
GBL003602-05-2022,Costa Del Sol LLC,Costa Del Sol LLC,2433 ADAMS AVE,7225,Restaurants and Other Eating Places,Mexican Restaurant,Active
GBL003602-05-2022,Costa Del Sol LLC,Costa Del Sol LLC,2433 ADAMS AVE,7225,Restaurants and Other Eating Places,Mexican Restaurant,Active
GBL003602-05-2022,Costa Del Sol LLC,Costa Del Sol LLC,2433 ADAMS AVE,7225,Restaurants and Other Eating Places,Mexican Restaurant,Active
GBL003602-05-2022,Costa Del Sol LLC,Costa Del Sol LLC,2433 ADAMS AVE,7225,Restaurants and Other Eating Places,Mexican Restaurant,Active
GBL003602-05-2022,Costa Del Sol LLC,Costa Del Sol LLC,2433 ADAMS AVE,7225,Restaurants and Other Eating Places,Mexican Restaurant,Active
GBL003602-05-2022,Costa Del Sol LLC,Costa Del Sol LLC,2433 ADAMS AVE,7225,Restaurants and Other Eating Places,Mexican Restaurant,Active
GBL003602-05-2022,Costa Del Sol LLC,Costa Del Sol LLC,2433 ADAMS AVE,7225,Restaurants and Other Eating Places,Mexican Restaurant,Active
GBL003602-05-2022,Costa Del Sol LLC,Costa Del Sol LLC,2433 ADAMS AVE,7225,Restaurants and Other Eating Places,Mexican Restaurant,Active
GBL003602-05-2022,Costa Del Sol LLC,Costa Del Sol LLC,2433 ADAMS AVE,7225,Restaurants and Other Eating Places,Mexican Restaurant,Active
GBL003602-05-2022,Costa Del Sol LLC,Costa Del Sol LLC,2433 ADAMS AVE,7225,Restaurants and Other Eating Places,Mexican Restaurant,Active
GBL003602-05-2022,Costa Del Sol LLC,Costa Del Sol LLC,2433 ADAMS AVE,7225,Restaurants and Other Eating Places,Mexican Restaurant,Active
GBL003602-05-2022,Costa Del Sol LLC,Costa Del Sol LLC,2433 ADAMS AVE,7225,Restaurants and Other Eating Places,Mexican Restaurant,Active
GBL003602-05-2022,Costa Del Sol LLC,Costa Del Sol LLC,2433 ADAMS AVE,7225,Restaurants and Other Eating Places,Mexican Restaurant,Active
GBL003602-05-2022,Costa Del Sol LLC,Costa Del Sol LLC,2433 ADAMS AVE,7225,Restaurants and Other Eating Places,Mexican Restaurant,Active
GBL003602-05-2022,Costa Del Sol LLC,Costa Del Sol LLC,2433 ADAMS AVE,7225,Restaurants and Other Eating Places,Mexican Restaurant,Active
GBL003602-05-2022,Costa Del Sol LLC,Costa Del Sol LLC,2433 ADAMS AVE,7225,Restaurants and Other Eating Places,Mexican Restaurant,Active
GBL003602-05-2022,Costa Del Sol LLC,Costa Del Sol LLC,2433 ADAMS AVE,7225,Restaurants and Other Eating Places,Mexican Restaurant,Active
GBL003602-05-2022,Costa Del Sol LLC,Costa Del Sol LLC,2433 ADAMS AVE,7225,Restaurants and Other Eating Places,Mexican Restaurant,Active
GBL003602-05-2022,Costa Del Sol LLC,Costa Del Sol LLC,2433 ADAMS AVE,7225,Restaurants and Other Eating Places,Mexican Restaurant,Active
GBL003602-05-2022,Costa Del Sol LLC,Costa Del Sol LLC,2433 ADAMS AVE,7225,Restaurants and Other Eating Places,Mexican Restaurant,Active
GBL003602-05-2022,Costa Del Sol LLC,Costa Del Sol LLC,2433 ADAMS AVE,7225,Restaurants and Other Eating Places,Mexican Restaurant,Active
GBL003602-05-2022,Costa Del Sol LLC,Costa Del Sol LLC,2433 ADAMS AVE,7225,Restaurants and Other Eating Places,Mexican Restaurant,Active
GBL003602-05-2022,Costa Del Sol LLC,Costa Del Sol LLC,2433 ADAMS AVE,7225,Restaurants and Other Eating Places,Mexican Restaurant,Active
GBL003602-05-2022,Costa Del Sol LLC,Costa Del Sol LLC,2433 ADAMS AVE,7225,Restaurants and Other Eating Places,Mexican Restaurant,Active
GBL003602-05-2022,Costa Del Sol LLC,Costa Del Sol LLC,2433 ADAMS AVE,7225,Restaurants and Other Eating Places,Mexican Restaurant,Active
GBL003602-05-2022,Costa Del Sol LLC,Costa Del Sol LLC,2433 ADAMS AVE,7225,Restaurants and Other Eating Places,Mexican Restaurant,Active
GBL003602-05-2022,Costa Del Sol LLC,Costa Del Sol LLC,2433 ADAMS AVE,7225,Restaurants and Other Eating Places,Mexican Restaurant,Active
GBL003602-05-2022,Costa Del Sol LLC,Costa Del Sol LLC,2433 ADAMS AVE,7225,Restaurants and Other Eating Places,Mexican Restaurant,Active
GBL003602-05-2022,Costa Del Sol LLC,Costa Del Sol LLC,2433 ADAMS AVE,7225,Restaurants and Other Eating Places,Mexican Restaurant,Active
GBL003602-05-2022,Costa Del Sol LLC,Costa Del Sol LLC,2433 ADAMS AVE,7225,Restaurants and Other Eating Places,Mexican Restaurant,Active
GBL003602-05-2022,Costa Del Sol LLC,Costa Del Sol LLC,2433 ADAMS AVE,7225,Restaurants and Other Eating Places,Mexican Restaurant,Active
GBL003602-05-2022,Costa Del Sol LLC,Costa Del Sol LLC,2433 ADAMS AVE,7225,Restaurants and Other Eating Places,Mexican Restaurant,Active
GBL003602-05-2022,Costa Del Sol LLC,Costa Del Sol LLC,2433 ADAMS AVE,7225,Restaurants and Other Eating Places,Mexican Restaurant,Active
GBL003602-05-2022,Costa Del Sol LLC,Costa Del Sol LLC,2433 ADAMS AVE,7225,Restaurants and Other Eating Places,Mexican Restaurant,Active
GBL003602-05-2022,Costa Del Sol LLC,Costa Del Sol LLC,2433 ADAMS AVE,7225,Restaurants and Other Eating Places,Mexican Restaurant,Active
GBL003602-05-2022,Costa Del Sol LLC,Costa Del Sol LLC,2433 ADAMS AVE,7225,Restaurants and Other Eating Places,Mexican Restaurant,Active
GBL003602-05-2022,Costa Del Sol LLC,Costa Del Sol LLC,2433 ADAMS AVE,7225,Restaurants and Other Eating Places,Mexican Restaurant,Active
GBL003602-05-2022,Costa Del Sol LLC,Costa Del Sol LLC,2433 ADAMS AVE,7225,Restaurants and Other Eating Places,Mexican Restaurant,Active
GBL003602-05-2022,Costa Del Sol LLC,Costa Del Sol LLC,2433 ADAMS AVE,7225,Restaurants and Other Eating Places,Mexican Restaurant,Active
GBL003602-05-2022,Costa Del Sol LLC,Costa Del Sol LLC,2433 ADAMS AVE,7225,Restaurants and Other Eating Places,Mexican Restaurant,Active
GBL003602-05-2022,Costa Del Sol LLC,Costa Del Sol LLC,2433 ADAMS AVE,7225,Restaurants and Other Eating Places,Mexican Restaurant,Active
GBL003602-05-2022,Costa Del Sol LLC,Costa Del Sol LLC,2433 ADAMS AVE,7225,Restaurants and Other Eating Places,Mexican Restaurant,Active
GBL003602-05-2022,Costa Del Sol LLC,Costa Del Sol LLC,2433 ADAMS AVE,7225,Restaurants and Other Eating Places,Mexican Restaurant,Active
1019805,ALLEGED,ALLEGED LLC,2506 LINCOLN AVE,7224,Drinking Places (Alcholic Beverages),Social Club w/Restaurant & Cabaret,Active
1019805,ALLEGED,ALLEGED LLC,2506 LINCOLN AVE,7224,Drinking Places (Alcholic Beverages),Social Club w/Restaurant & Cabaret,Active
ALCOHOL003679-06-2022,Jo Jo Bowls and Boba LLC,Jo Jo Bowls and Boba LLC,252 25TH ST,7225,Restaurants and Other Eating Places,"Rice Bowls, Tea and Boba Restaurant w/Beer & Wine",Active
GBL003602-05-2022,Costa Del Sol LLC,Costa Del Sol LLC,2433 ADAMS AVE,7225,Restaurants and Other Eating Places,Mexican Restaurant,Active
GBL001133-12-2019,El Pollo Rico LLC,El Pollo Rico LLC,807 26TH ST,7225,Restaurants and Other Eating Places,Fast Food Mexican Restaurant,Active
GBL003681-06-2022,Prego Cafes,Dolce Hospitality LLC,2464 JEFFERSON AVE,7225,Restaurants and Other Eating Places,Cafe/Restaurant inside Weber County Library,Active
0022110,KAMIKAZE'S,KAMIKAZE'S,2408 ADAMS AVE,7224,Drinking Places (Alcholic Beverages),SOCIAL CLUB -- D BEER & LIQUOR,Active
1022265,PATRICIA'S MEXICAN RESTAURANT LLC,PATRICIA'S MEXICAN RESTAURANT LLC,3303 WASHINGTON BLVD,7225,Restaurants and Other Eating Places,MEXICAN RESTAURANT,Active
0007314,ARBY'S #431,ARBY'S #431,3385 WASHINGTON BLVD,7225,Restaurants and Other Eating Places,FAST FOOD RESTAURANT,Active
GBL002017-12-2020,Carnitas Michoacan Mexican Restaurant LLC,Carnitas Michoacan Mexican Restaurant LLC,3233 WASHINGTON BLVD,7225,Restaurants and Other Eating Places,Mexican Restaurant,Active
1022238,CHILA'S TACOS LLC,"GUTIERREZ, BACILIA",3359 GRANT AVE,7225,Restaurants and Other Eating Places,RESTAURANT - MEXICAN FOOD,Active
1022238,CHILA'S TACOS LLC,"GUTIERREZ, BACILIA",3359 GRANT AVE,7225,Restaurants and Other Eating Places,RESTAURANT - MEXICAN FOOD,Active
1020219,LONGHORN STEAKHOUSE #5468,RARE HOSPITALITY MANAGEMENT LLC,3647 WALL AVE,7225,Restaurants and Other Eating Places,"Restaurant w/Beer, Wine & Liquor",Active
0174210,MOORE'S FAMILY DINER,MOORE'S FAMILY DINER,3558 WALL AVE,7225,Restaurants and Other Eating Places,FAMILY DINER,Active
1024126,RANCHERITO'S MEXICAN FOOD OGDEN,MEXI-BURRITO RESTAURANT LLC,3527 WASHINGTON BLVD,7225,Restaurants and Other Eating Places,MEXICAN FAST FOOD,Active
1024181,AGUACHILES Y CLAMATOS EL PARIENTE LLC,AGUACHILES Y CLAMATOS EL PARIENTE LLC,385 PATTERSON ST,7225,Restaurants and Other Eating Places,SEAFOOD RESTAURANT W/ BEER,Active
1025189,TAQUERIA LOS AGAVES LLC,TAQUERIA LOS AGAVES LLC,3513 RIVERDALE RD,7225,Restaurants and Other Eating Places,MEXICAN RESTAURANT - NO ALCOHOL,Active
GBL001739-08-2020,Lucky Slice Events LLC,Lucky Slice Events LLC,3560 RIVERDALE RD,7223,Special Food Services,Food Trucks Selling Pizza by the Slice,Active
1022938,EL CHANGARRO LOCO LLC,EL CHANGARRO LOCO LLC,3037 WASHINGTON BLVD,7225,Restaurants and Other Eating Places,"FRUIT CUPS, SODAS, CANDIES, SHAVED ICE, SANDWICHES, TORTAS, AND HOT DOGS",Active
1015939,KAFFE MERCANTILE OF OGDEN,KAFFE MERCANTILE OF OGDEN LLC,1221 26TH ST,7225,Restaurants and Other Eating Places,"COFFEE, TEA AND PASTRY SHOP (BAKED GOODS THAT ARE FOR SALE ARE BAKED ON THE PROPERTY)",Active
1022993,LA ISLA DEL SABOR LLC,LA ISLA DEL SABOR LLC,3180 WASHINGTON BLVD,7225,Restaurants and Other Eating Places,"FAST FOOD RESTAURANT. FRUIT COCKTAILS, SUNDAYS, SHRIMP COCKTAIL, CAKES, CHILINDRINAS, SNOW CONES, ICE CREAM.",Active
0726911,NORTHERN UT GROUNDS FOR COFFEE,NORTHERN UT GROUNDS FOR COFFEE,3005 HARRISON BLVD,7225,Restaurants and Other Eating Places,Coffee Shop & Cafe,Active
GBL000091-12-2018,Taboo Pizza,Four Holmes Pizza LLC,3017 HARRISON BLVD,7225,Restaurants and Other Eating Places,Take Out / Delivery Pizza Restaurant,Active
GBL003741-06-2022,Taboo Pizza,Four Holmes Pizza LLC,3017 HARRISON BLVD,7225,Restaurants and Other Eating Places,Food Trailer for Taboo Pizza,Active
1017034,STEINYS FAMILY SPORTS GRILL,CURVEBALL INC,119 N 600 W,7225,Restaurants and Other Eating Places,Restaurant w/Beer & Wine,Active
GBL003092-11-2021,Neveria Wendolyn LLC,Viento Y Sol LLC,749 W 24TH ST,7225,Restaurants and Other Eating Places,Ice Cream Shop,Active
1006889,NORTHERN UTAH GROUNDS FOR COFFEE INC,NORTHERN UTAH GROUNDS FOR COFFEE INC,4401 HARRISON BLVD,7225,Restaurants and Other Eating Places,Coffee Cart Inside IHC/McKay Dee Hospital,Active
1006889,NORTHERN UTAH GROUNDS FOR COFFEE INC,NORTHERN UTAH GROUNDS FOR COFFEE INC,4401 HARRISON BLVD,7225,Restaurants and Other Eating Places,Coffee Cart Inside IHC/McKay Dee Hospital,Active
GBL003067-11-2021,Ogden Valley Pizza LLC,Ogden Valley Pizza,216 12TH ST,7225,Restaurants and Other Eating Places,Pizza Take Out and Delivery,Active
GBL003178-12-2021,Dutch Bros Coffee,"Dutch Bros., LLC",316 12TH ST,7225,Restaurants and Other Eating Places,Drive Thru Coffee Shop,Active
1006889,NORTHERN UTAH GROUNDS FOR COFFEE INC,NORTHERN UTAH GROUNDS FOR COFFEE INC,4401 HARRISON BLVD,7225,Restaurants and Other Eating Places,Coffee Cart Inside IHC/McKay Dee Hospital,Active
1006889,NORTHERN UTAH GROUNDS FOR COFFEE INC,NORTHERN UTAH GROUNDS FOR COFFEE INC,4401 HARRISON BLVD,7225,Restaurants and Other Eating Places,Coffee Cart Inside IHC/McKay Dee Hospital,Active
1002373,GOLDEN CORRAL,GOLDEN CORRAL,988 WASHINGTON BLVD,7225,Restaurants and Other Eating Places,RESTAURANT,Active
ALCOHOL002767-07-2021,Kwick Shop 2,Kashmir Enterprises Inc,675 N MONROE BLVD,44512,Convenience Stores,"Neighborhood Grocery Market with ""A"" Beer",Active
1016560,ANAYA'S MARKET OGDEN NUMERO SEIS,Anaya's Market Ogden Numero Sies,150 N WASHINGTON BLVD,4451,Grocery Stores,"Hispanic Grocery Store ""A"" Beer",Active
1016560,ANAYA'S MARKET OGDEN NUMERO SEIS,Anaya's Market Ogden Numero Sies,150 N WASHINGTON BLVD,4451,Grocery Stores,"Hispanic Grocery Store ""A"" Beer",Active
1016560,ANAYA'S MARKET OGDEN NUMERO SEIS,Anaya's Market Ogden Numero Sies,150 N WASHINGTON BLVD,4451,Grocery Stores,"Hispanic Grocery Store ""A"" Beer",Active
1016560,ANAYA'S MARKET OGDEN NUMERO SEIS,Anaya's Market Ogden Numero Sies,150 N WASHINGTON BLVD,4451,Grocery Stores,"Hispanic Grocery Store ""A"" Beer",Active
1016560,ANAYA'S MARKET OGDEN NUMERO SEIS,Anaya's Market Ogden Numero Sies,150 N WASHINGTON BLVD,4451,Grocery Stores,"Hispanic Grocery Store ""A"" Beer",Active
1024023,NATURAL GROCERS BY VITAMIN COTTAGE,Vitamin Cottage Natural Food Market Inc,270 12TH ST,4451,Grocery Stores,"RETAIL SALES OF ORGANIC FOOD, VITAMINS & SUPPLEMENTS.",Active
1017592,MAVERIK INC #415,MAVERIK INC #415,689 WASHINGTON BLVD,44512,Convenience Stores,"Convenience Store ""A"" Beer with Gas Pump Station",Active
ALCOHOL003518-04-2022,Ocean Mart Wholesale Inc,Ocean Mart Wholesale Inc,1018 WASHINGTON BLVD,4451,Grocery Stores,"Grocery Store ""A"" Beer",Active
0157316,Karmart Convenience Store,Karmart Convenience Store Inc,205 HARRISON BLVD,44512,Convenience Stores,"Convenience Store ""A"" Beer with Gas Pump Station",Active
1017711,COMMON CENTS STORES,MOYLE PETROLEUM COMPANY,1184 WALL AVE,44512,Convenience Stores,"Convenience Store ""A"" Beer with Gas Pump Station",Active
1016944,WINCO FOODS,WINCO FOODS LLC,205 W 12TH ST,4451,Grocery Stores,"Grocery Store ""A"" Beer",Active
ALCOHOL000224-02-2019,Walmart #3789,Walmart Inc,1959 WALL AVE,4451,Grocery Stores,"Grocery, Variety Store w/ Class A Beer",Active
ALCOHOL001949-11-2020,Ogden Mini Mart Store No 8,17 Petroleum LLC,1015 12TH ST,44512,Convenience Stores,"Convenience Store ""A"" Beer with Gas Pumps Station",Active
0559514,MAVERIK INC #312,MAVERIK INC,1212 WALL AVE,44512,Convenience Stores,"Convenience Store ""A"" Beer with Gas Pump Station",Active
ALCOHOL001952-11-2020,Ogden Mini Mart Store 4,Dixie Petroleum LLC,1177 12TH ST,44512,Convenience Stores,"Convenience Store ""A"" Beer with Gas Pumps Station",Active
1000479,EASY SHOP,EASY SHOP,251 17TH ST,44512,Convenience Stores,"Convenience Store ""A"" Beer",Active
ALCOHOL001953-11-2020,Ogden Mini Mart Store No 6,Ogden Petroleum LLC,1879 W 2550 S,44512,Convenience Stores,"Convenience Store ""A"" Beer with Gas Pumps Station",Active
ALCOHOL001214-01-2020,Blue's C-Store,BJ Ballard LLC,1125 W 3300 S,44512,Convenience Stores,Convenient Store w/Grilled Foods & Off Premise Beer Sales,Active
ALCOHOL001538-06-2020,7-Eleven Store #35997B,Harman Enterprises Inc,4186 HARRISON BLVD,44512,Convenience Stores,"Convenience Store ""A"" Beer",Active
1024297,36 MARKET INC,36 MARKET INC,903 36TH ST,44512,Convenience Stores,"Convenience Store ""A"" Beer",Active
0558911,PETRO-MART III,JOHN RICHARDSON,2388 HARRISON BLVD,44512,Convenience Stores,"Convenience Store ""A"" Beer with Gas Pump Station",Active
1016397,FRESH MARKET,ASSOCIATED FRESH MARKETS INC,2044 HARRISON BLVD,4451,Grocery Stores,"Grocery Store ""A"" Beer",Active
0481294,TOP STOP CONVENIENCE STORES C21,WIND RIVER PETROLEUM,2120 WALL AVE,44512,Convenience Stores,"Convenience Store ""A"" Beer with Gas Pump Station",Active
1015553,BENSON CHEVRON,BENSON CHEVRON,2098 HARRISON BLVD,44512,Convenience Stores,"Convenience Store ""A"" Beer with Gas Pump Station",Active
1019988,MAVERIK INC #469,MAVERIK INC,2810 WASHINGTON BLVD,44512,Convenience Stores,"Convenience Store ""A"" Beer with Gas Pump Station",Active
ALCOHOL003077-11-2021,SaltNHops LLC,SaltNHops LLC,443 27TH ST,4451,Grocery Stores,Neighborhood Store w/Beer Sales,Active
1013814,ANAYA'S MARKET OGDEN,Anaya's Market Ogden LLC,346 30TH ST,4451,Grocery Stores,"Hispanic Grocery Store ""A"" Beer",Active
1021280,CORNER MART,KRISHNA LLC,2983 WASHINGTON BLVD,44512,Convenience Stores,"Convenience Store ""A"" Beer with Gas Pump Station",Active
ALCOHOL003245-01-2022,Superior Convenience Store Inc,Superior Convenience Store Inc,2985 LINCOLN AVE,44512,Convenience Stores,"Convenience Store ""A"" Beer with Gas Pump Station - NOT Cooking Food",Active
1020244,STOP & GO MARKET,WA & F GROUP INC,809 28TH ST,44512,Convenience Stores,"Convenience Store ""A"" Beer",Active
1025661,KWICK SHOP,KASHMIR ENTERPRISES INC,803 25TH ST,44512,Convenience Stores,"Convenience Store ""A"" Beer",Active
ALCOHOL002707-06-2021,7-Eleven Store #23558D,SGNR Inc,803 24TH ST,44512,Convenience Stores,"Convenience Store ""A"" Beer",Active
ALCOHOL000295-02-2019,Blair's Sinclair,"Bart, Blair E",2991 MONROE BLVD,44512,Convenience Stores,"Convenience Store ""A"" Beer with Gas Pump Station",Active
1025661,KWICK SHOP,KASHMIR ENTERPRISES INC,803 25TH ST,44512,Convenience Stores,"Convenience Store ""A"" Beer",Active
1025661,KWICK SHOP,KASHMIR ENTERPRISES INC,803 25TH ST,44512,Convenience Stores,"Convenience Store ""A"" Beer",Active
1025661,KWICK SHOP,KASHMIR ENTERPRISES INC,803 25TH ST,44512,Convenience Stores,"Convenience Store ""A"" Beer",Active
0485533,COMMON CENTS STORES,MOYLE PETROLEUM COMPANY,3563 WALL AVE,44512,Convenience Stores,"Convenience Store ""A"" Beer with Gas Pump Station",Active
1014893,SNS QUICK STOP,EKAUMKAAR INC,110 PATTERSON ST,44512,Convenience Stores,"Convenience Store ""A"" Beer with Gas Pump Station",Active
1024066,7-ELEVEN STORE #35692 A,ATTA & GULZAR INC,3405 WASHINGTON BLVD,44512,Convenience Stores,"Convenience Store ""A"" Beer with Gas Pump Station",Active
ALCOHOL000214-02-2019,Rancho Markets,Tres Enterprises Inc,905 26TH ST,4451,Grocery Stores,"Grocery Store ""A"" Beer",Active
ALCOHOL002827-08-2021,Super Groceries Inc,Super Groceries Inc,511 31ST ST,4451,Grocery Stores,"Neighborhood Grocery Market with ""A"" Beer",Active
1023695,FAST STOP 3186,FAST STOP 3186 INC,3186 WASHINGTON BLVD,44512,Convenience Stores,"Convenience Store ""A"" Beer",Active
1003553,USA Mini Mart,New Khan Inc,3031 HARRISON BLVD,44512,Convenience Stores,"Convenience Store ""A"" Beer",Active
1011008,CARL'S SUPER SAVER,SUPER SAVER STORE,3135 HARRISON BLVD,4451,Grocery Stores,RETAIL SALES OF GENERAL GROCERYS AND MERCHANDISE,Active
1020741,ASPEN MILLS BREAD CO OF UTAH INC,ASPEN MILLS BREAD CO OF UTAH INC,3457 WALL AVE,3118,Bakeries and Tortilla Manufacturing,WHOLESALE BAKERY. NO RETAIL SALES. PRODUCTION ONLY,Active
1023005,TORTILLERIA EL ANGEL LLC,TORTILLERIA EL ANGEL LLC,3180 WASHINGTON BLVD,3118,Bakeries and Tortilla Manufacturing,FLOUR & CORN TORTILLA BAKERY,Active
